city,country,country_code,c40,latitude,longitude,risk0,risk1,risk2,risk3,risk4,risk5,risk6
Aalborg,Denmark,DNK,False,57.0337,9.9166,0.0,0.0,0.0,0.0,0.0,0.0,0.0
Aarhus,Denmark,DNK,False,56.1572,10.2107,0.0,0.0,0.0,0.0,0.0,0.0,0.0
Copenhagen,Denmark,DNK,False,55.6786,12.5635,0.0,2.0,0.0,2.0,0.0,0.0,0.0
Esbjerg,Denmark,DNK,False,55.467,8.45,0.0,0.0,0.0,0.0,0.0,0.0,0.0
Frederikshavn,Denmark,DNK,False,57.4337,10.5333,0.0,2.0,0.0,0.0,0.0,0.0,0.0
Odense,Denmark,DNK,False,55.4004,10.3833,0.0,0.0,0.0,0.0,0.0,0.0,0.0
Vejle,Denmark,DNK,False,55.709,9.535,0.0,0.0,0.0,0.0,0.0,0.0,0.0
Abidjan,Côte d'Ivoire,CIV,False,5.3364,-4.0267,0.0,0.0,0.0,0.0,1.0,0.0,0.0
Daloa,Côte d'Ivoire,CIV,False,6.89,-6.45,0.0,0.0,0.0,0.0,0.0,0.0,0.0
Korhogo,Côte d'Ivoire,CIV,False,9.4578,-5.6294,0.0,0.0,0.0,0.0,0.0,0.0,0.0
Yamoussoukro,Côte d'Ivoire,CIV,False,6.8161,-5.2742,0.0,0.0,0.0,0.0,0.0,0.0,0.0
BouakÃ©,Côte d'Ivoire,CIV,False,7.4137,-5.0149,0.0,0.0,0.0,3.0,0.0,0.0,0.0
Abington,United States of America,USA,False,40.1108,-75.1146,0.0,1.0,1.0,2.0,0.0,0.0,0.0
Alameda,United States of America,USA,False,37.767,-122.2672,0.0,0.0,2.0,0.0,0.0,0.0,0.0
Alexandria,United States of America,USA,False,38.8185,-77.0861,0.0,0.0,0.0,0.0,0.0,0.0,0.0
Amsterdam,United States of America,USA,False,42.942,-74.1907,0.0,0.0,0.0,0.0,0.0,0.0,0.0
Anchorage,United States of America,USA,False,61.2181,-149.9003,0.0,0.0,2.0,0.0,0.0,0.0,0.0
Arlington,United States of America,USA,False,32.6998,-97.125,0.0,0.0,1.0,1.0,0.0,0.0,0.0
Asheville,United States of America,USA,False,35.5704,-82.5536,0.0,2.0,2.0,0.0,2.0,0.0,0.0
Athens,United States of America,USA,False,33.9508,-83.3689,0.0,0.0,0.0,0.0,0.0,0.0,0.0
Atlanta,United States of America,USA,False,33.7627,-84.4224,2.0,0.0,2.0,0.0,0.0,0.0,0.0
Aurora,United States of America,USA,False,39.7087,-104.7273,0.0,0.0,1.0,2.0,2.0,0.0,0.0
Austin,United States of America,USA,True,30.3004,-97.7522,0.0,0.0,3.0,0.0,0.0,0.0,0.0
Belgrade,United States of America,USA,False,45.7796,-111.1751,0.0,0.0,0.0,0.0,0.0,0.0,0.0
Benicia,United States of America,USA,False,38.0725,-122.1525,2.0,0.0,3.0,0.0,0.0,0.0,0.0
Berlin,United States of America,USA,False,41.6114,-72.7758,0.0,0.0,0.0,0.0,0.0,0.0,0.0
Bern,United States of America,USA,False,40.4005,-75.9933,0.0,0.0,0.0,0.0,0.0,0.0,0.0
Birmingham,United States of America,USA,False,33.5277,-86.7987,0.0,0.0,0.0,0.0,0.0,0.0,0.0
Blacksburg,United States of America,USA,False,37.23,-80.4279,0.0,2.0,0.0,0.0,0.0,0.0,0.0
Bloomington,United States of America,USA,False,40.4757,-88.9703,0.0,1.0,0.0,1.0,1.0,0.0,0.0
Bogota,United States of America,USA,False,40.875,-74.0293,0.0,0.0,0.0,0.0,0.0,0.0,0.0
Boulder,United States of America,USA,False,40.0249,-105.2523,0.0,2.0,2.0,2.0,0.0,0.0,0.0
Boynton Beach,United States of America,USA,False,26.5281,-80.0811,0.0,2.0,0.0,2.0,2.0,0.0,0.0
Breckenridge,United States of America,USA,False,39.4995,-106.0433,0.0,0.0,2.0,0.0,0.0,0.0,0.0
Bremen,United States of America,USA,False,33.7085,-85.1495,0.0,0.0,0.0,0.0,0.0,0.0,0.0
Bridgetown,United States of America,USA,False,39.1551,-84.6359,0.0,0.0,0.0,0.0,0.0,0.0,0.0
Bridgewater,United States of America,USA,False,40.5934,-74.6076,0.0,0.0,0.0,3.0,3.0,0.0,0.0
Cairo,United States of America,USA,False,30.8791,-84.205,0.0,0.0,0.0,0.0,0.0,0.0,0.0
Cambridge,United States of America,USA,False,42.3759,-71.1185,0.0,0.0,2.0,0.0,0.0,0.0,0.0
Chicago,United States of America,USA,False,41.8373,-87.6862,0.0,0.0,0.0,0.0,0.0,0.0,0.0
Chula Vista,United States of America,USA,False,32.6281,-117.0145,0.0,0.0,2.0,0.0,0.0,0.0,0.0
Cincinnati,United States of America,USA,False,39.1413,-84.5061,2.0,2.0,2.0,2.0,0.0,2.0,0.0
Cleveland,United States of America,USA,False,41.4767,-81.6804,0.0,2.0,0.0,1.0,0.0,0.0,0.0
Clinton,United States of America,USA,False,38.7499,-76.9063,2.0,0.0,0.0,1.0,2.0,0.0,0.0
Columbus,United States of America,USA,False,39.9862,-82.985,2.0,0.0,2.0,2.0,0.0,0.0,0.0
Culver City,United States of America,USA,False,34.0058,-118.3968,0.0,0.0,2.0,2.0,0.0,0.0,0.0
Dallas,United States of America,USA,False,32.7936,-96.7662,0.0,0.0,0.0,0.0,0.0,0.0,0.0
Damascus,United States of America,USA,False,39.2737,-77.2006,0.0,0.0,0.0,0.0,0.0,0.0,0.0
Delhi,United States of America,USA,False,37.4306,-120.7759,0.0,0.0,0.0,0.0,0.0,0.0,0.0
Denver,United States of America,USA,False,39.7621,-104.8759,0.0,0.0,2.0,2.0,2.0,0.0,0.0
Detroit,United States of America,USA,False,42.3834,-83.1024,0.0,2.0,0.0,0.0,0.0,0.0,0.0
Douglas,United States of America,USA,False,31.3602,-109.5394,0.0,0.0,0.0,0.0,0.0,0.0,0.0
Dublin,United States of America,USA,False,37.7161,-121.8963,0.0,0.0,0.0,0.0,0.0,0.0,0.0
East Highland Park,United States of America,USA,False,37.577,-77.3865,0.0,2.0,0.0,0.0,0.0,0.0,0.0
East St. Louis,United States of America,USA,False,38.6156,-90.1304,0.0,2.0,2.0,0.0,0.0,0.0,0.0
Easton,United States of America,USA,False,40.6858,-75.2209,0.0,0.0,0.0,1.0,0.0,0.0,0.0
Eldorado at Santa Fe,United States of America,USA,False,35.5273,-105.934,0.0,0.0,2.0,0.0,2.0,0.0,0.0
Emeryville,United States of America,USA,False,37.8382,-122.2932,0.0,0.0,2.0,0.0,0.0,0.0,0.0
Encinitas,United States of America,USA,False,33.049,-117.2613,0.0,0.0,3.0,0.0,0.0,0.0,0.0
Evanston,United States of America,USA,False,42.0463,-87.6942,0.0,0.0,2.0,1.0,0.0,0.0,0.0
Fayetteville,United States of America,USA,False,36.0713,-94.166,0.0,2.0,2.0,2.0,2.0,0.0,0.0
Flagstaff,United States of America,USA,False,35.1872,-111.6195,2.0,0.0,3.0,0.0,0.0,0.0,0.0
Fort Collins,United States of America,USA,False,40.5478,-105.0656,0.0,0.0,2.0,2.0,0.0,0.0,0.0
Fort Worth,United States of America,USA,False,32.7811,-97.3473,1.0,0.0,0.0,0.0,0.0,0.0,0.0
Freetown,United States of America,USA,False,41.7714,-71.0157,0.0,0.0,0.0,0.0,0.0,0.0,0.0
Fremont,United States of America,USA,False,37.5265,-121.9852,1.0,0.0,2.0,0.0,1.0,0.0,0.0
Fresno,United States of America,USA,False,36.7831,-119.7941,0.0,0.0,2.0,0.0,2.0,0.0,0.0
Geneva,United States of America,USA,False,42.8644,-76.9827,0.0,0.0,0.0,0.0,0.0,0.0,0.0
Genoa,United States of America,USA,False,42.0926,-88.6964,0.0,0.0,0.0,0.0,0.0,0.0,0.0
Georgetown,United States of America,USA,False,30.6668,-97.6953,0.0,0.0,0.0,0.0,0.0,0.0,0.0
Gretna,United States of America,USA,False,29.9101,-90.0515,0.0,3.0,3.0,2.0,0.0,0.0,0.0
Hamburg,United States of America,USA,False,42.7394,-78.8581,0.0,0.0,0.0,0.0,0.0,0.0,0.0
Hamilton,United States of America,USA,False,40.2046,-74.6765,0.0,0.0,2.0,1.0,0.0,0.0,0.0
Hayward,United States of America,USA,False,37.6328,-122.0772,2.0,0.0,3.0,0.0,0.0,0.0,0.0
Honolulu,United States of America,USA,False,21.3294,-157.846,0.0,2.0,2.0,0.0,0.0,0.0,2.0
Huntington Beach,United States of America,USA,False,33.696,-118.0025,0.0,0.0,3.0,0.0,0.0,0.0,0.0
Indianapolis,United States of America,USA,False,39.7771,-86.1458,0.0,2.0,2.0,2.0,0.0,0.0,0.0
Kansas City,United States of America,USA,False,39.1239,-94.5541,0.0,3.0,0.0,0.0,0.0,0.0,0.0
Key West,United States of America,USA,False,24.5637,-81.7768,0.0,0.0,3.0,0.0,0.0,0.0,0.0
Kingston,United States of America,USA,False,41.2652,-75.8875,0.0,0.0,0.0,0.0,0.0,0.0,0.0
La Crosse,United States of America,USA,False,43.824,-91.2268,0.0,2.0,0.0,2.0,0.0,0.0,0.0
LaGrange,United States of America,USA,False,33.0274,-85.0384,0.0,0.0,0.0,2.0,0.0,0.0,0.0
Lackawanna,United States of America,USA,False,42.8182,-78.8326,0.0,2.0,0.0,2.0,0.0,2.0,0.0
Lakewood,United States of America,USA,False,39.6977,-105.1168,2.0,2.0,2.0,2.0,0.0,0.0,0.0
Las Vegas,United States of America,USA,False,36.2333,-115.2654,1.0,2.0,3.0,2.0,2.0,1.0,0.0
Leeds,United States of America,USA,False,33.5429,-86.5636,0.0,0.0,0.0,0.0,0.0,0.0,0.0
Leicester,United States of America,USA,False,42.24,-71.912,0.0,2.0,2.0,0.0,0.0,0.0,0.0
Lima,United States of America,USA,False,40.741,-84.1121,2.0,2.0,3.0,0.0,0.0,0.0,0.0
Limerick,United States of America,USA,False,40.2323,-75.5344,0.0,0.0,0.0,0.0,0.0,0.0,0.0
Linden,United States of America,USA,False,40.6251,-74.2381,0.0,0.0,0.0,0.0,0.0,0.0,0.0
Lisbon,United States of America,USA,False,44.0265,-70.09,0.0,0.0,0.0,0.0,0.0,0.0,0.0
London,United States of America,USA,True,37.1175,-84.0767,0.0,0.0,2.0,0.0,2.0,1.0,0.0
Long Beach,United States of America,USA,False,33.7981,-118.1675,0.0,1.0,2.0,0.0,0.0,0.0,0.0
Los Angeles,United States of America,USA,False,34.1139,-118.4068,0.0,0.0,0.0,0.0,0.0,0.0,0.0
Manchester,United States of America,USA,False,42.9848,-71.4447,0.0,0.0,0.0,0.0,0.0,0.0,0.0
Manhattan Beach,United States of America,USA,False,33.8895,-118.3972,0.0,0.0,2.0,0.0,0.0,0.0,0.0
Mecca,United States of America,USA,False,33.5767,-116.0645,0.0,0.0,0.0,0.0,0.0,0.0,0.0
Medina,United States of America,USA,False,41.1358,-81.8694,0.0,0.0,0.0,0.0,0.0,0.0,0.0
Melbourne,United States of America,USA,True,28.1085,-80.6627,0.0,0.0,2.0,0.0,2.0,0.0,0.0
Memphis,United States of America,USA,False,35.1046,-89.9773,0.0,0.0,1.0,2.0,0.0,0.0,0.0
Miami,United States of America,USA,False,25.7839,-80.2102,0.0,0.0,0.0,0.0,0.0,0.0,0.0
Miami Beach,United States of America,USA,False,25.8171,-80.1396,0.0,2.0,2.0,0.0,0.0,0.0,0.0
Milan,United States of America,USA,False,42.0816,-83.6853,0.0,0.0,0.0,0.0,0.0,0.0,0.0
Minneapolis,United States of America,USA,False,44.9635,-93.2678,0.0,0.0,1.0,0.0,0.0,0.0,0.0
Moab,United States of America,USA,False,38.5701,-109.5477,0.0,0.0,2.0,0.0,0.0,0.0,0.0
Monrovia,United States of America,USA,False,34.165,-117.9921,0.0,0.0,0.0,0.0,0.0,0.0,0.0
Montevideo,United States of America,USA,False,44.9505,-95.7153,0.0,0.0,0.0,0.0,0.0,0.0,0.0
Moscow,United States of America,USA,False,46.7307,-116.9986,0.0,0.0,0.0,0.0,0.0,0.0,0.0
Mount Rainier,United States of America,USA,True,38.9423,-76.9645,0.0,2.0,2.0,2.0,0.0,0.0,0.0
Naples,United States of America,USA,False,26.1504,-81.7936,0.0,0.0,0.0,0.0,0.0,0.0,0.0
Nashville,United States of America,USA,False,36.1715,-86.7843,0.0,2.0,2.0,1.0,0.0,0.0,0.0
Natchez,United States of America,USA,False,31.5437,-91.3867,0.0,2.0,0.0,0.0,0.0,0.0,0.0
New Bedford,United States of America,USA,False,41.6697,-70.9428,0.0,2.0,0.0,0.0,0.0,0.0,0.0
New York,United States of America,USA,False,40.6943,-73.9249,0.0,0.0,0.0,0.0,0.0,0.0,0.0
Newcastle,United States of America,USA,False,47.5303,-122.1633,0.0,0.0,0.0,0.0,0.0,0.0,0.0
Oakland,United States of America,USA,False,37.7903,-122.2165,2.0,2.0,3.0,0.0,0.0,2.0,0.0
Ottawa,United States of America,USA,False,41.3532,-88.8306,0.0,0.0,0.0,0.0,0.0,0.0,0.0
Palermo,United States of America,USA,False,39.4313,-121.5225,0.0,0.0,0.0,0.0,0.0,0.0,0.0
Panama City,United States of America,USA,False,30.1995,-85.6004,0.0,0.0,0.0,0.0,0.0,0.0,0.0
Paris,United States of America,USA,True,33.6688,-95.546,0.0,0.0,3.0,3.0,0.0,0.0,0.0
Park City,United States of America,USA,False,42.3522,-87.8915,0.0,0.0,2.0,0.0,2.0,0.0,0.0
Parma,United States of America,USA,False,41.3843,-81.7286,0.0,0.0,2.0,0.0,0.0,0.0,0.0
Philadelphia,United States of America,USA,False,40.0077,-75.1339,0.0,0.0,0.0,0.0,0.0,0.0,0.0
Phoenix,United States of America,USA,False,33.5722,-112.0891,2.0,0.0,2.0,0.0,0.0,0.0,0.0
Piedmont,United States of America,USA,False,37.8226,-122.23,1.0,0.0,1.0,0.0,0.0,0.0,0.0
Pittsburgh,United States of America,USA,False,40.4396,-79.9762,0.0,2.0,2.0,2.0,0.0,0.0,0.0
Ramsey,United States of America,USA,False,45.2617,-93.4494,0.0,0.0,0.0,0.0,1.0,0.0,0.0
Reno,United States of America,USA,False,39.5497,-119.8483,0.0,2.0,2.0,0.0,0.0,0.0,0.0
Riga,United States of America,USA,False,43.0802,-77.8753,1.0,2.0,0.0,1.0,0.0,0.0,2.0
Rochester,United States of America,USA,False,43.168,-77.6162,0.0,0.0,2.0,2.0,0.0,0.0,0.0
Rome,United States of America,USA,False,34.2661,-85.1862,0.0,0.0,0.0,0.0,0.0,0.0,0.0
Rotterdam,United States of America,USA,False,42.8133,-74.0129,0.0,0.0,0.0,0.0,0.0,0.0,0.0
Sacramento,United States of America,USA,False,38.5667,-121.4683,0.0,0.0,2.0,0.0,0.0,0.0,0.0
Salt Lake City,United States of America,USA,False,40.7777,-111.9306,0.0,2.0,3.0,2.0,0.0,0.0,0.0
San Antonio,United States of America,USA,False,29.4658,-98.5253,0.0,0.0,2.0,0.0,0.0,0.0,0.0
San Fernando,United States of America,USA,False,34.2886,-118.4363,0.0,0.0,0.0,0.0,0.0,0.0,0.0
San Francisco,United States of America,USA,True,37.7562,-122.443,0.0,0.0,2.0,0.0,0.0,0.0,0.0
San Jose,United States of America,USA,False,37.3019,-121.8486,0.0,0.0,2.0,0.0,0.0,0.0,0.0
San Juan,United States of America,USA,False,26.1903,-98.152,0.0,0.0,0.0,0.0,0.0,0.0,0.0
San Leandro,United States of America,USA,False,37.7071,-122.1601,0.0,3.0,2.0,0.0,0.0,0.0,0.0
San Lorenzo,United States of America,USA,False,37.6737,-122.1349,0.0,0.0,0.0,0.0,0.0,0.0,0.0
San Luis,United States of America,USA,False,32.4911,-114.7089,0.0,0.0,0.0,0.0,0.0,0.0,0.0
San Marino,United States of America,USA,False,34.1224,-118.1132,0.0,0.0,0.0,0.0,0.0,0.0,0.0
San Ramon,United States of America,USA,False,37.7625,-121.9365,2.0,0.0,2.0,0.0,0.0,0.0,0.0
Santa Ana,United States of America,USA,False,33.7366,-117.8819,0.0,0.0,0.0,0.0,0.0,0.0,0.0
Santa Cruz,United States of America,USA,False,36.9789,-122.0346,0.0,0.0,2.0,0.0,0.0,0.0,0.0
Saratoga Springs,United States of America,USA,False,43.0674,-73.7775,0.0,0.0,0.0,1.0,1.0,0.0,0.0
Seattle,United States of America,USA,True,47.6211,-122.3244,0.0,0.0,2.0,0.0,0.0,0.0,0.0
South Portland,United States of America,USA,False,43.631,-70.2895,0.0,2.0,0.0,2.0,0.0,0.0,0.0
South San Francisco,United States of America,USA,False,37.6536,-122.4197,0.0,2.0,2.0,0.0,0.0,0.0,0.0
Surfside,United States of America,USA,False,25.8787,-80.125,0.0,2.0,2.0,0.0,0.0,0.0,0.0
Tempe,United States of America,USA,False,33.3881,-111.9318,0.0,2.0,2.0,0.0,0.0,0.0,0.0
Toledo,United States of America,USA,False,41.6639,-83.5822,0.0,0.0,0.0,3.0,0.0,0.0,0.0
Vail,United States of America,USA,False,32.0217,-110.6937,0.0,0.0,2.0,2.0,0.0,0.0,0.0
Valparaiso,United States of America,USA,False,41.4782,-87.0507,0.0,0.0,0.0,0.0,0.0,0.0,0.0
Vancouver,United States of America,USA,True,45.6366,-122.5967,0.0,0.0,1.0,0.0,0.0,0.0,0.0
Victoria,United States of America,USA,False,28.8285,-96.985,0.0,0.0,0.0,0.0,0.0,0.0,0.0
Vienna,United States of America,USA,False,38.8996,-77.2597,0.0,0.0,0.0,0.0,0.0,0.0,0.0
Warsaw,United States of America,USA,True,41.2448,-85.8464,0.0,0.0,2.0,0.0,0.0,0.0,0.0
Waterford,United States of America,USA,False,41.3692,-72.1483,0.0,0.0,0.0,0.0,0.0,0.0,0.0
Wellington,United States of America,USA,False,26.6461,-80.2699,0.0,2.0,2.0,0.0,0.0,0.0,0.0
West Haven-Sylvan,United States of America,USA,True,45.5164,-122.7654,2.0,2.0,2.0,0.0,0.0,2.0,0.0
West Hollywood,United States of America,USA,False,34.0882,-118.3718,0.0,0.0,2.0,0.0,0.0,0.0,0.0
West Lampeter,United States of America,USA,False,39.9947,-76.256,0.0,2.0,0.0,2.0,0.0,0.0,0.0
West Palm Beach,United States of America,USA,False,26.7468,-80.1316,0.0,2.0,3.0,0.0,0.0,0.0,0.0
Windsor,United States of America,USA,False,40.4693,-104.9213,0.0,0.0,1.0,2.0,0.0,0.0,0.0
Winston-Salem,United States of America,USA,False,36.1029,-80.2611,0.0,0.0,1.0,0.0,0.0,0.0,0.0
Broward,United States of America,USA,False,26.1901,80.3659,0.0,0.0,0.0,2.0,0.0,0.0,0.0
"Columbia, MO",United States of America,USA,False,38.9517,-92.3341,0.0,2.0,2.0,2.0,0.0,0.0,0.0
"Durham, NC",United States of America,USA,False,35.994,-78.8986,0.0,2.0,2.0,0.0,0.0,0.0,0.0
Abovyan,Armenia,ARM,False,40.2739,44.6256,0.0,0.0,0.0,0.0,0.0,0.0,0.0
Ejmiatsin,Armenia,ARM,False,40.1728,44.2925,0.0,0.0,0.0,0.0,0.0,0.0,0.0
Gyumri,Armenia,ARM,False,40.7833,43.8333,0.0,0.0,0.0,0.0,0.0,0.0,0.0
Kapan,Armenia,ARM,False,39.2011,46.415,0.0,0.0,0.0,0.0,0.0,0.0,0.0
Vanadzor,Armenia,ARM,False,40.8128,44.4883,0.0,0.0,0.0,0.0,0.0,0.0,0.0
Yerevan,Armenia,ARM,False,40.1814,44.5144,0.0,0.0,0.0,0.0,0.0,0.0,0.0
Abu Dhabi,United Arab Emirates,ARE,False,24.4781,54.3686,0.0,0.0,0.0,0.0,0.0,0.0,0.0
Dubai,United Arab Emirates,ARE,False,25.2697,55.3094,0.0,0.0,0.0,0.0,0.0,0.0,0.0
Sharjah,United Arab Emirates,ARE,False,25.3575,55.3919,0.0,0.0,0.0,0.0,0.0,0.0,0.0
Abuja,Nigeria,NGA,False,9.0556,7.4914,2.0,2.0,2.0,0.0,0.0,0.0,0.0
Ibadan,Nigeria,NGA,False,7.3964,3.9167,0.0,0.0,0.0,2.0,0.0,0.0,0.0
Kano,Nigeria,NGA,False,12.0,8.5167,0.0,0.0,0.0,0.0,0.0,0.0,0.0
Lagos,Nigeria,NGA,True,6.45,3.4,3.0,2.0,2.0,2.0,2.0,2.0,3.0
Onitsha,Nigeria,NGA,False,6.1667,6.7833,0.0,0.0,0.0,0.0,0.0,0.0,0.0
Owerri,Nigeria,NGA,False,5.4833,7.0333,0.0,0.0,0.0,0.0,0.0,0.0,0.0
Accra,Ghana,GHA,False,5.6037,-0.187,0.0,0.0,0.0,0.0,0.0,0.0,0.0
Kumasi,Ghana,GHA,False,6.6833,-1.6167,0.0,0.0,0.0,0.0,0.0,0.0,0.0
Obuase,Ghana,GHA,False,6.2,-1.6833,0.0,0.0,0.0,0.0,0.0,0.0,0.0
Sekondi,Ghana,GHA,False,4.9433,-1.704,0.0,0.0,0.0,0.0,0.0,0.0,0.0
Tamale,Ghana,GHA,False,9.4075,-0.8533,0.0,0.0,0.0,0.0,0.0,0.0,0.0
Tema,Ghana,GHA,False,5.6667,-0.0167,0.0,0.0,0.0,0.0,0.0,0.0,0.0
Addis Ababa,Ethiopia,ETH,True,9.0272,38.7369,0.0,2.0,2.0,0.0,2.0,0.0,0.0
Dire Dawa,Ethiopia,ETH,False,9.5833,41.8667,0.0,0.0,0.0,0.0,0.0,0.0,0.0
Gonder,Ethiopia,ETH,False,12.6,37.4667,0.0,0.0,0.0,0.0,0.0,0.0,0.0
Mekele,Ethiopia,ETH,False,13.4833,39.4667,0.0,0.0,0.0,0.0,0.0,0.0,0.0
Adelaide,Australia,AUS,False,-34.9289,138.6011,2.0,2.0,2.0,0.0,0.0,2.0,0.0
Brisbane,Australia,AUS,False,-27.4678,153.0281,0.0,0.0,0.0,0.0,0.0,0.0,0.0
Byron Bay,Australia,AUS,False,-28.6483,153.6178,0.0,0.0,0.0,0.0,2.0,0.0,0.0
Canberra,Australia,AUS,False,-35.2931,149.1269,0.0,0.0,2.0,0.0,0.0,0.0,0.0
Georgetown,Australia,AUS,False,-18.247,143.036,0.0,0.0,0.0,0.0,0.0,0.0,0.0
Gold Coast,Australia,AUS,False,-28.0167,153.4,0.0,0.0,0.0,0.0,0.0,0.0,0.0
Hamilton,Australia,AUS,False,-37.7333,142.0167,0.0,0.0,2.0,1.0,0.0,0.0,0.0
Kingston,Australia,AUS,False,-42.9769,147.3083,0.0,0.0,0.0,0.0,0.0,0.0,0.0
Melbourne,Australia,AUS,True,-37.8136,144.9631,0.0,0.0,2.0,0.0,2.0,0.0,0.0
Newcastle,Australia,AUS,False,-32.9167,151.75,0.0,0.0,0.0,0.0,0.0,0.0,0.0
Perth,Australia,AUS,False,-31.9522,115.8589,0.0,0.0,0.0,0.0,0.0,0.0,0.0
Sale,Australia,AUS,False,-38.1,147.0667,0.0,0.0,0.0,0.0,0.0,0.0,0.0
Sydney,Australia,AUS,True,-33.865,151.2094,2.0,2.0,2.0,0.0,2.0,2.0,0.0
Waterford,Australia,AUS,False,-27.6833,153.133,0.0,0.0,0.0,0.0,0.0,0.0,0.0
Wollongong,Australia,AUS,False,-34.4331,150.8831,0.0,0.0,2.0,2.0,0.0,0.0,0.0
Aden,Yemen,YEM,False,12.8,45.0333,0.0,0.0,0.0,0.0,0.0,0.0,0.0
Ibb,Yemen,YEM,False,13.9759,44.1709,0.0,0.0,0.0,0.0,0.0,0.0,0.0
Sanaa,Yemen,YEM,False,15.35,44.2,0.0,0.0,0.0,0.0,0.0,0.0,0.0
Agadez,Niger,NER,False,16.9959,7.9828,0.0,0.0,0.0,0.0,0.0,0.0,0.0
Arlit,Niger,NER,False,18.82,7.33,0.0,0.0,0.0,0.0,0.0,0.0,0.0
Maradi,Niger,NER,False,13.5,7.1,0.0,0.0,0.0,0.0,0.0,0.0,0.0
Niamey,Niger,NER,False,13.5086,2.1111,0.0,0.0,0.0,0.0,0.0,0.0,0.0
Tahoua,Niger,NER,False,14.9,5.2599,0.0,0.0,0.0,0.0,0.0,0.0,0.0
Zinder,Niger,NER,False,13.8,8.9833,0.0,0.0,0.0,0.0,0.0,0.0,0.0
Ainaro,Timor-Leste,TLS,False,-8.9833,125.5,0.0,0.0,0.0,0.0,0.0,0.0,0.0
Baucau,Timor-Leste,TLS,False,-8.4667,126.45,0.0,0.0,0.0,0.0,0.0,0.0,0.0
Dili,Timor-Leste,TLS,False,-8.5586,125.5736,0.0,0.0,0.0,0.0,0.0,0.0,0.0
Gleno,Timor-Leste,TLS,False,-8.7239,125.4361,0.0,0.0,0.0,0.0,0.0,0.0,0.0
Maliana,Timor-Leste,TLS,False,-8.9917,125.2197,0.0,0.0,0.0,0.0,0.0,0.0,0.0
Manatuto,Timor-Leste,TLS,False,-8.5167,126.0167,0.0,0.0,0.0,0.0,0.0,0.0,0.0
Ajax,Canada,CAN,False,43.8583,-79.0364,0.0,2.0,0.0,3.0,0.0,0.0,0.0
Aurora,Canada,CAN,False,44.0,-79.4667,0.0,0.0,1.0,2.0,2.0,0.0,0.0
Bridgewater,Canada,CAN,False,44.37,-64.52,0.0,0.0,0.0,3.0,3.0,0.0,0.0
Calgary,Canada,CAN,False,51.05,-114.0667,0.0,2.0,3.0,0.0,0.0,2.0,0.0
Cambridge,Canada,CAN,False,43.3972,-80.3114,0.0,0.0,2.0,0.0,0.0,0.0,0.0
Douglas,Canada,CAN,False,49.0056,-122.7452,0.0,0.0,0.0,0.0,0.0,0.0,0.0
Edmonton,Canada,CAN,False,53.5344,-113.4903,0.0,0.0,3.0,0.0,0.0,0.0,0.0
Guelph,Canada,CAN,False,43.55,-80.25,1.0,2.0,2.0,2.0,1.0,2.0,1.0
Hamilton,Canada,CAN,False,43.2567,-79.8692,0.0,0.0,2.0,1.0,0.0,0.0,0.0
Laval,Canada,CAN,False,45.5833,-73.75,0.0,0.0,0.0,0.0,1.0,0.0,0.0
London,Canada,CAN,True,42.9836,-81.2497,0.0,0.0,2.0,0.0,2.0,1.0,0.0
North Vancouver,Canada,CAN,False,49.3641,-123.0066,0.0,2.0,2.0,2.0,2.0,0.0,0.0
Ottawa,Canada,CAN,False,45.4247,-75.695,0.0,0.0,0.0,0.0,0.0,0.0,0.0
Perth,Canada,CAN,False,44.9,-76.25,0.0,0.0,0.0,0.0,0.0,0.0,0.0
Prince George,Canada,CAN,False,53.9169,-122.7494,0.0,2.0,0.0,3.0,0.0,0.0,0.0
Saskatoon,Canada,CAN,False,52.1333,-106.6833,0.0,2.0,2.0,2.0,0.0,0.0,0.0
St. Catharines,Canada,CAN,False,43.1833,-79.2333,1.0,2.0,0.0,2.0,0.0,0.0,0.0
Stanley,Canada,CAN,False,49.1331,-98.0656,0.0,0.0,0.0,0.0,0.0,0.0,0.0
Toronto,Canada,CAN,False,43.7417,-79.3733,0.0,0.0,0.0,0.0,0.0,0.0,0.0
Vancouver,Canada,CAN,True,49.25,-123.1,0.0,0.0,1.0,0.0,0.0,0.0,0.0
Victoria,Canada,CAN,False,48.4283,-123.3647,0.0,0.0,0.0,0.0,0.0,0.0,0.0
Windsor,Canada,CAN,False,42.2833,-83.0,0.0,0.0,1.0,2.0,0.0,0.0,0.0
Akureyri,Iceland,ISL,False,65.6833,-18.1,0.0,0.0,0.0,0.0,0.0,0.0,0.0
Kópavogur,Iceland,ISL,False,64.1167,-21.7667,0.0,0.0,1.0,1.0,0.0,0.0,0.0
Al Mafraq,Jordan,JOR,False,32.2833,36.2333,0.0,0.0,0.0,0.0,0.0,0.0,0.0
Amman,Jordan,JOR,True,31.95,35.9333,0.0,0.0,3.0,0.0,3.0,0.0,0.0
Irbid,Jordan,JOR,False,32.5556,35.85,0.0,0.0,0.0,0.0,0.0,0.0,0.0
Alajuela,Costa Rica,CRI,False,10.0278,-84.2041,0.0,0.0,0.0,0.0,0.0,0.0,0.0
Buenos Aires,Costa Rica,CRI,False,9.1497,-83.3334,0.0,0.0,0.0,0.0,0.0,0.0,0.0
Cartago,Costa Rica,CRI,False,9.8667,-83.9167,0.0,0.0,0.0,0.0,0.0,0.0,0.0
Liberia,Costa Rica,CRI,False,10.6338,-85.4333,0.0,0.0,0.0,0.0,0.0,0.0,0.0
San Juan,Costa Rica,CRI,False,9.9609,-84.0731,0.0,0.0,0.0,0.0,0.0,0.0,0.0
Santa Ana,Costa Rica,CRI,False,9.932,-84.176,0.0,0.0,0.0,0.0,0.0,0.0,0.0
Santiago,Costa Rica,CRI,False,9.8291,-84.3044,0.0,0.0,2.0,2.0,0.0,0.0,0.0
Aleppo,Syrian Arab Republic,SYR,False,36.2,37.15,0.0,0.0,0.0,0.0,0.0,0.0,0.0
Damascus,Syrian Arab Republic,SYR,False,33.5131,36.2919,0.0,0.0,0.0,0.0,0.0,0.0,0.0
Dayr az Zawr,Syrian Arab Republic,SYR,False,35.3333,40.15,0.0,0.0,0.0,0.0,0.0,0.0,0.0
Homs,Syrian Arab Republic,SYR,False,34.7333,36.7167,0.0,0.0,0.0,0.0,0.0,0.0,0.0
Latakia,Syrian Arab Republic,SYR,False,35.5236,35.7917,0.0,0.0,0.0,0.0,0.0,0.0,0.0
Alexandria,Egypt,EGY,False,31.2,29.9167,0.0,0.0,0.0,0.0,0.0,0.0,0.0
Cairo,Egypt,EGY,False,30.0561,31.2394,0.0,0.0,0.0,0.0,0.0,0.0,0.0
Giza,Egypt,EGY,False,29.987,31.2118,0.0,0.0,0.0,0.0,0.0,0.0,0.0
Alexandria,Romania,ROU,False,43.9686,25.3333,0.0,0.0,0.0,0.0,0.0,0.0,0.0
Bucharest,Romania,ROU,False,44.4,26.0833,0.0,0.0,0.0,0.0,0.0,0.0,0.0
Cluj-Napoca,Romania,ROU,False,46.78,23.5594,0.0,0.0,0.0,0.0,0.0,0.0,0.0
Ungheni,Romania,ROU,False,46.4858,24.4608,0.0,0.0,0.0,0.0,0.0,0.0,0.0
Victoria,Romania,ROU,False,45.6466,24.7059,0.0,0.0,0.0,0.0,0.0,0.0,0.0
Iasi,Romania,ROU,False,47.1,27.35,0.0,0.0,2.0,0.0,0.0,0.0,0.0
Alexandria,United Kingdom,GBR,False,55.98,-4.58,0.0,0.0,0.0,0.0,0.0,0.0,0.0
Birmingham,United Kingdom,GBR,False,52.48,-1.9025,0.0,0.0,0.0,0.0,0.0,0.0,0.0
Birstall,United Kingdom,GBR,False,52.6736,-1.12,0.0,0.0,0.0,0.0,0.0,0.0,0.0
Cambridge,United Kingdom,GBR,False,52.2053,0.1192,0.0,0.0,2.0,0.0,0.0,0.0,0.0
Christchurch,United Kingdom,GBR,False,50.73,-1.78,0.0,0.0,0.0,0.0,0.0,0.0,0.0
Edmonton,United Kingdom,GBR,False,51.6154,-0.0708,0.0,0.0,3.0,0.0,0.0,0.0,0.0
Hamilton,United Kingdom,GBR,False,55.777,-4.039,0.0,0.0,2.0,1.0,0.0,0.0,0.0
Leeds,United Kingdom,GBR,False,53.7997,-1.5492,0.0,0.0,0.0,0.0,0.0,0.0,0.0
Leicester,United Kingdom,GBR,False,52.6333,-1.1333,0.0,2.0,2.0,0.0,0.0,0.0,0.0
London,United Kingdom,GBR,True,51.5072,-0.1275,0.0,0.0,2.0,0.0,2.0,1.0,0.0
Manchester,United Kingdom,GBR,False,53.4794,-2.2453,0.0,0.0,0.0,0.0,0.0,0.0,0.0
Newcastle,United Kingdom,GBR,False,55.0077,-1.6578,0.0,0.0,0.0,0.0,0.0,0.0,0.0
Perth,United Kingdom,GBR,False,56.397,-3.437,0.0,0.0,0.0,0.0,0.0,0.0,0.0
Ramsey,United Kingdom,GBR,False,52.45,-0.12,0.0,0.0,0.0,0.0,1.0,0.0,0.0
Rochester,United Kingdom,GBR,False,51.375,0.5,0.0,0.0,2.0,2.0,0.0,0.0,0.0
Sale,United Kingdom,GBR,False,53.424,-2.322,0.0,0.0,0.0,0.0,0.0,0.0,0.0
Stanley,United Kingdom,GBR,False,53.7145,-1.476,0.0,0.0,0.0,0.0,0.0,0.0,0.0
Wellington,United Kingdom,GBR,False,52.7001,-2.5157,0.0,2.0,2.0,0.0,0.0,0.0,0.0
Windsor,United Kingdom,GBR,False,51.4791,-0.6095,0.0,0.0,1.0,2.0,0.0,0.0,0.0
Algiers,Algeria,DZA,False,36.7764,3.0586,0.0,0.0,0.0,0.0,0.0,0.0,0.0
Batna,Algeria,DZA,False,35.55,6.1667,0.0,0.0,0.0,0.0,0.0,0.0,0.0
Blida,Algeria,DZA,False,36.4722,2.8333,0.0,0.0,0.0,0.0,0.0,0.0,0.0
Constantine,Algeria,DZA,False,36.365,6.6147,0.0,0.0,0.0,0.0,0.0,0.0,0.0
Oran,Algeria,DZA,False,35.6969,-0.6331,0.0,0.0,0.0,0.0,0.0,0.0,0.0
Ali Sabieh,Djibouti,DJI,False,11.1558,42.7125,0.0,0.0,0.0,0.0,0.0,0.0,0.0
Dikhil,Djibouti,DJI,False,11.1086,42.3667,0.0,0.0,0.0,0.0,0.0,0.0,0.0
Djibouti,Djibouti,DJI,False,11.595,43.1481,0.0,0.0,0.0,0.0,0.0,0.0,0.0
Obock,Djibouti,DJI,False,11.9667,43.2833,0.0,0.0,0.0,0.0,0.0,0.0,0.0
Tadjourah,Djibouti,DJI,False,11.7833,42.8833,0.0,0.0,0.0,0.0,0.0,0.0,0.0
Almaty,Kazakhstan,KAZ,False,43.25,76.9,0.0,0.0,0.0,0.0,0.0,0.0,0.0
Nur-Sultan,Kazakhstan,KAZ,False,51.1333,71.4333,0.0,0.0,0.0,0.0,0.0,0.0,0.0
Qaraghandy,Kazakhstan,KAZ,False,49.8,73.1167,0.0,0.0,0.0,0.0,0.0,0.0,0.0
Shymkent,Kazakhstan,KAZ,False,42.3,69.6,0.0,0.0,0.0,0.0,0.0,0.0,0.0
Taraz,Kazakhstan,KAZ,False,42.8833,71.3667,0.0,0.0,0.0,0.0,0.0,0.0,0.0
Alytus,Lithuania,LTU,False,54.4014,24.0492,0.0,0.0,0.0,0.0,0.0,0.0,0.0
Kaunas,Lithuania,LTU,False,54.9,23.9333,0.0,0.0,0.0,0.0,0.0,0.0,0.0
Vilnius,Lithuania,LTU,False,54.6833,25.2833,0.0,0.0,0.0,0.0,0.0,0.0,0.0
Amadora,Portugal,PRT,False,38.75,-9.2333,0.0,0.0,0.0,0.0,0.0,0.0,0.0
Braga,Portugal,PRT,False,41.5333,-8.4167,0.0,0.0,0.0,0.0,0.0,0.0,0.0
Castelo Branco,Portugal,PRT,False,39.823,-7.4931,0.0,1.0,2.0,2.0,0.0,0.0,0.0
Estoril,Portugal,PRT,False,38.7057,-9.3977,0.0,0.0,2.0,2.0,0.0,0.0,0.0
Estremoz,Portugal,PRT,False,38.8422,-7.5881,0.0,0.0,2.0,2.0,0.0,0.0,0.0
Guimarães,Portugal,PRT,False,41.445,-8.2908,0.0,0.0,2.0,2.0,0.0,0.0,0.0
Lagos,Portugal,PRT,True,37.1,-8.6667,3.0,2.0,2.0,2.0,2.0,2.0,3.0
Lisbon,Portugal,PRT,False,38.7452,-9.1604,0.0,0.0,0.0,0.0,0.0,0.0,0.0
Matosinhos,Portugal,PRT,False,41.2077,-8.6674,0.0,0.0,0.0,0.0,0.0,0.0,0.0
Mirandela,Portugal,PRT,False,41.4833,-7.1833,0.0,0.0,2.0,2.0,0.0,0.0,0.0
Porto,Portugal,PRT,False,41.1495,-8.6108,0.0,0.0,0.0,0.0,0.0,0.0,0.0
Santa Cruz,Portugal,PRT,False,32.675,-16.8309,0.0,0.0,2.0,0.0,0.0,0.0,0.0
Santarém,Portugal,PRT,False,39.2369,-8.685,0.0,0.0,2.0,0.0,0.0,0.0,0.0
São João da Madeira,Portugal,PRT,False,40.9,-8.5,0.0,0.0,2.0,2.0,0.0,0.0,0.0
Torres Vedras,Portugal,PRT,False,39.0833,-9.2667,0.0,2.0,2.0,2.0,0.0,0.0,0.0
Vila Nova de Gaia,Portugal,PRT,False,41.1333,-8.6167,0.0,0.0,0.0,0.0,0.0,0.0,0.0
Amsterdam,Netherlands,NLD,False,52.35,4.9166,0.0,0.0,0.0,0.0,0.0,0.0,0.0
Eindhoven,Netherlands,NLD,False,51.43,5.5,0.0,0.0,0.0,0.0,0.0,0.0,0.0
Haarlem,Netherlands,NLD,False,52.3804,4.63,0.0,0.0,0.0,0.0,0.0,0.0,0.0
Rotterdam,Netherlands,NLD,False,51.92,4.48,0.0,0.0,0.0,0.0,0.0,0.0,0.0
The Hague,Netherlands,NLD,False,52.08,4.27,0.0,0.0,2.0,2.0,0.0,0.0,0.0
Utrecht,Netherlands,NLD,False,52.1003,5.12,0.0,0.0,0.0,0.0,0.0,0.0,0.0
Nijmegen,Netherlands,NLD,False,51.8449,5.84282,0.0,0.0,0.0,2.0,0.0,0.0,0.0
An Najaf,Iraq,IRQ,False,32.029,44.3396,0.0,0.0,0.0,0.0,0.0,0.0,0.0
Baghdad,Iraq,IRQ,False,33.35,44.4167,0.0,0.0,0.0,0.0,0.0,0.0,0.0
Erbil,Iraq,IRQ,False,36.1911,44.0094,0.0,0.0,0.0,0.0,0.0,0.0,0.0
Kirkuk,Iraq,IRQ,False,35.4667,44.4,0.0,0.0,0.0,0.0,0.0,0.0,0.0
Mosul,Iraq,IRQ,False,36.3667,43.1167,0.0,0.0,0.0,0.0,0.0,0.0,0.0
Andijon,Uzbekistan,UZB,False,40.7,72.35,0.0,0.0,0.0,0.0,0.0,0.0,0.0
Namangan,Uzbekistan,UZB,False,40.9953,71.6725,0.0,0.0,0.0,0.0,0.0,0.0,0.0
Samarkand,Uzbekistan,UZB,False,39.6542,66.9597,0.0,0.0,0.0,0.0,0.0,0.0,0.0
Tashkent,Uzbekistan,UZB,False,41.3,69.2667,0.0,0.0,0.0,0.0,0.0,0.0,0.0
Andorra la Vella,Andorra,AND,False,42.5,1.5,0.0,0.0,0.0,0.0,0.0,0.0,0.0
Ankara,Turkey,TUR,False,39.93,32.85,0.0,0.0,0.0,0.0,0.0,0.0,0.0
Antalya,Turkey,TUR,False,36.9081,30.6956,0.0,0.0,0.0,0.0,0.0,0.0,0.0
Bor,Turkey,TUR,False,37.8833,34.5667,0.0,0.0,0.0,0.0,0.0,0.0,0.0
Bursa,Turkey,TUR,False,40.1833,29.0667,0.0,0.0,0.0,0.0,0.0,0.0,0.0
Istanbul,Turkey,TUR,False,41.01,28.9603,0.0,0.0,0.0,0.0,0.0,0.0,0.0
Konya,Turkey,TUR,False,37.8714,32.4847,0.0,0.0,0.0,0.0,0.0,0.0,0.0
Urla,Turkey,TUR,False,38.3222,26.7647,0.0,0.0,0.0,1.0,0.0,0.0,0.0
Tuzla,Turkey,TUR,False,44.5375,18.6735,0.0,0.0,2.0,0.0,0.0,0.0,0.0
Anna Regina,Guyana,GUY,False,7.25,-58.5167,0.0,0.0,0.0,0.0,0.0,0.0,0.0
Bartica,Guyana,GUY,False,6.4,-58.6167,0.0,0.0,0.0,0.0,0.0,0.0,0.0
Georgetown,Guyana,GUY,False,6.7833,-58.1667,0.0,0.0,0.0,0.0,0.0,0.0,0.0
Linden,Guyana,GUY,False,6.0,-58.3,0.0,0.0,0.0,0.0,0.0,0.0,0.0
New Amsterdam,Guyana,GUY,False,6.25,-57.5167,0.0,0.0,0.0,0.0,0.0,0.0,0.0
Princetown,Guyana,GUY,False,5.9,-57.17,0.0,0.0,0.0,0.0,0.0,0.0,0.0
Antananarivo,Madagascar,MDG,False,-18.9386,47.5214,0.0,0.0,0.0,0.0,0.0,0.0,0.0
Antsirabe,Madagascar,MDG,False,-19.8667,47.0333,0.0,0.0,0.0,0.0,0.0,0.0,0.0
Fianarantsoa,Madagascar,MDG,False,-21.4333,47.0833,0.0,0.0,0.0,0.0,0.0,0.0,0.0
Mahajanga,Madagascar,MDG,False,-15.67,46.345,0.0,0.0,0.0,0.0,0.0,0.0,0.0
Toamasina,Madagascar,MDG,False,-18.1492,49.4023,0.0,0.0,0.0,0.0,0.0,0.0,0.0
Toliara,Madagascar,MDG,False,-23.35,43.6667,0.0,0.0,0.0,0.0,0.0,0.0,0.0
Antofagasta,Chile,CHL,False,-23.6464,-70.398,0.0,0.0,0.0,0.0,0.0,0.0,0.0
Casablanca,Chile,CHL,False,-33.3167,-71.4167,0.0,0.0,2.0,0.0,0.0,0.0,0.0
Chicureo Abajo,Chile,CHL,False,-33.2808,-70.6366,0.0,0.0,2.0,0.0,0.0,0.0,0.0
San Antonio,Chile,CHL,False,-33.5809,-71.6132,0.0,0.0,2.0,0.0,0.0,0.0,0.0
San Bernardo,Chile,CHL,False,-33.6,-70.7,0.0,0.0,0.0,0.0,0.0,0.0,0.0
San Fernando,Chile,CHL,False,-34.5839,-70.9891,0.0,0.0,0.0,0.0,0.0,0.0,0.0
Santiago,Chile,CHL,False,-33.45,-70.6667,0.0,0.0,2.0,2.0,0.0,0.0,0.0
Temuco,Chile,CHL,False,-38.7399,-72.5901,0.0,0.0,0.0,0.0,0.0,0.0,0.0
Victoria,Chile,CHL,False,-38.2395,-72.34,0.0,0.0,0.0,0.0,0.0,0.0,0.0
Independencia,Chile,CHL,False,-32.8421,-68.8154,0.0,0.0,2.0,0.0,0.0,0.0,0.0
Antwerp,Belgium,BEL,False,51.2211,4.3997,0.0,0.0,0.0,0.0,0.0,0.0,0.0
Brussels,Belgium,BEL,False,50.8467,4.3517,0.0,0.0,0.0,0.0,0.0,0.0,0.0
Charleroi,Belgium,BEL,False,50.4167,4.4442,0.0,0.0,0.0,0.0,0.0,0.0,0.0
Gent,Belgium,BEL,False,51.0536,3.7253,0.0,0.0,0.0,0.0,0.0,0.0,0.0
Schaarbeek,Belgium,BEL,False,50.8675,4.3736,0.0,0.0,0.0,0.0,0.0,0.0,0.0
Anuradhapura,Sri Lanka,LKA,False,8.335,80.4108,0.0,0.0,0.0,0.0,0.0,0.0,0.0
Batticaloa,Sri Lanka,LKA,False,7.717,81.7,0.0,0.0,0.0,0.0,0.0,0.0,0.0
Colombo,Sri Lanka,LKA,False,6.9167,79.8333,0.0,0.0,0.0,0.0,0.0,0.0,0.0
Moratuwa,Sri Lanka,LKA,False,6.7804,79.88,0.0,0.0,0.0,0.0,0.0,0.0,0.0
Negombo,Sri Lanka,LKA,False,7.2111,79.8386,0.0,0.0,0.0,0.0,0.0,0.0,0.0
Sri Jayewardenepura Kotte,Sri Lanka,LKA,False,6.9,79.9164,0.0,0.0,0.0,0.0,0.0,0.0,0.0
Apia,Samoa,WSM,False,-13.8333,-171.8333,0.0,0.0,0.0,0.0,0.0,0.0,0.0
Aracaju,Brazil,BRA,False,-10.9111,-37.0717,2.0,0.0,2.0,2.0,0.0,0.0,0.0
Belo Horizonte,Brazil,BRA,False,-19.8917,-43.9478,0.0,0.0,2.0,0.0,0.0,0.0,0.0
Bertioga,Brazil,BRA,False,-23.8539,-46.1389,0.0,0.0,0.0,3.0,0.0,2.0,0.0
Botucatu,Brazil,BRA,False,-22.8858,-48.445,0.0,0.0,2.0,0.0,0.0,0.0,0.0
Brotas,Brazil,BRA,False,-22.2839,-48.1269,0.0,0.0,3.0,0.0,2.0,0.0,0.0
Campina Grande,Brazil,BRA,False,-7.2306,-35.8811,0.0,0.0,3.0,0.0,0.0,0.0,0.0
Campinas,Brazil,BRA,False,-22.9009,-47.0573,3.0,2.0,2.0,3.0,0.0,0.0,0.0
Cruzeiro do Sul,Brazil,BRA,False,-7.63,-72.67,0.0,2.0,2.0,0.0,0.0,0.0,0.0
Curitiba,Brazil,BRA,True,-25.4297,-49.2719,0.0,0.0,1.0,0.0,0.0,0.0,0.0
Fortaleza,Brazil,BRA,False,-3.7275,-38.5275,0.0,0.0,2.0,0.0,0.0,0.0,0.0
Franco da Rocha,Brazil,BRA,False,-23.3286,-46.7244,2.0,2.0,2.0,0.0,0.0,0.0,0.0
Goiânia,Brazil,BRA,False,-16.6789,-49.2539,0.0,0.0,2.0,0.0,0.0,0.0,0.0
Guarujá,Brazil,BRA,False,-23.9936,-46.2564,0.0,2.0,2.0,3.0,0.0,1.0,0.0
Limeira,Brazil,BRA,False,-22.5647,-47.4017,0.0,0.0,2.0,0.0,0.0,0.0,0.0
Londrina,Brazil,BRA,False,-23.3,-51.18,1.0,0.0,0.0,2.0,0.0,0.0,0.0
Maceió,Brazil,BRA,False,-9.6658,-35.735,0.0,2.0,0.0,2.0,0.0,0.0,0.0
Natal,Brazil,BRA,False,-5.7793,-35.2009,0.0,0.0,2.0,2.0,0.0,0.0,0.0
Niterói,Brazil,BRA,False,-22.8833,-43.1036,0.0,2.0,2.0,0.0,0.0,0.0,0.0
Novo Hamburgo,Brazil,BRA,False,-29.7096,-51.14,1.0,1.0,1.0,0.0,1.0,0.0,0.0
Olímpia,Brazil,BRA,False,-20.7369,-48.915,0.0,0.0,2.0,0.0,0.0,0.0,0.0
Recife,Brazil,BRA,False,-8.0539,-34.8808,0.0,0.0,0.0,3.0,0.0,0.0,0.0
Rio Verde,Brazil,BRA,False,-17.8196,-50.93,0.0,0.0,0.0,3.0,0.0,0.0,0.0
Rio de Janeiro,Brazil,BRA,True,-22.9083,-43.1964,0.0,2.0,2.0,0.0,0.0,0.0,2.0
Salto,Brazil,BRA,False,-23.2008,-47.2869,0.0,0.0,0.0,0.0,0.0,0.0,0.0
Salvador,Brazil,BRA,False,-12.9708,-38.5108,0.0,0.0,0.0,0.0,0.0,0.0,0.0
Santa Cruz,Brazil,BRA,False,-6.22,-36.03,0.0,0.0,2.0,0.0,0.0,0.0,0.0
Santana de Parnaíba,Brazil,BRA,False,-23.4439,-46.9178,0.0,1.0,3.0,0.0,3.0,0.0,0.0
Santarém,Brazil,BRA,False,-2.4431,-54.7083,0.0,0.0,2.0,0.0,0.0,0.0,0.0
Sorocaba,Brazil,BRA,False,-23.5019,-47.4578,0.0,2.0,2.0,3.0,2.0,0.0,0.0
São Bento do Sapucaí,Brazil,BRA,False,-22.6889,-45.7308,0.0,3.0,3.0,3.0,3.0,0.0,0.0
São Vicente,Brazil,BRA,False,-23.9633,-46.3922,0.0,0.0,0.0,0.0,1.0,0.0,0.0
Taboão da Serra,Brazil,BRA,True,-23.6019,-46.7528,0.0,0.0,2.0,0.0,0.0,0.0,0.0
Tatuí,Brazil,BRA,False,-23.3556,-47.8569,0.0,0.0,2.0,2.0,0.0,0.0,0.0
Trindade,Brazil,BRA,False,-16.65,-49.5,0.0,0.0,0.0,0.0,0.0,0.0,0.0
Vinhedo,Brazil,BRA,False,-23.03,-46.975,0.0,0.0,2.0,0.0,0.0,0.0,0.0
Vitória,Brazil,BRA,False,-20.324,-40.366,2.0,0.0,2.0,2.0,0.0,0.0,0.0
Angra dos Reis,Brazil,BRA,False,-22.9983,-44.2442,0.0,1.0,3.0,0.0,2.0,0.0,0.0
Bayeux,Brazil,BRA,False,-7.12505,-34.9268,0.0,0.0,2.0,0.0,0.0,0.0,0.0
Brumadinho,Brazil,BRA,False,-20.1427,-44.1982,0.0,0.0,3.0,2.0,2.0,0.0,0.0
Lorena,Brazil,BRA,False,-22.7339,-45.1201,0.0,2.0,3.0,3.0,0.0,0.0,2.0
PirenÃ³polis,Brazil,BRA,False,-15.8545,-48.9595,0.0,0.0,2.0,3.0,0.0,0.0,0.0
TangarÃ¡ da Serra,Brazil,BRA,False,-14.6194,-57.4858,0.0,0.0,2.0,0.0,0.0,0.0,0.0
Arawa,Papua New Guinea,PNG,False,-6.228,155.566,0.0,0.0,0.0,0.0,0.0,0.0,0.0
Lae,Papua New Guinea,PNG,False,-6.7333,146.9833,0.0,0.0,0.0,0.0,0.0,0.0,0.0
Madang,Papua New Guinea,PNG,False,-5.2248,145.7853,0.0,0.0,0.0,0.0,0.0,0.0,0.0
Mount Hagen,Papua New Guinea,PNG,False,-5.8667,144.2167,0.0,0.0,0.0,0.0,0.0,0.0,0.0
Popondetta,Papua New Guinea,PNG,False,-8.7656,148.2347,0.0,0.0,0.0,0.0,0.0,0.0,0.0
Port Moresby,Papua New Guinea,PNG,False,-9.4789,147.1494,0.0,0.0,0.0,0.0,0.0,0.0,0.0
Arequipa,Peru,PER,False,-16.3988,-71.5369,0.0,0.0,3.0,0.0,0.0,0.0,0.0
Callao,Peru,PER,False,-12.0611,-77.1333,0.0,0.0,0.0,0.0,0.0,0.0,0.0
Chiclayo,Peru,PER,False,-6.763,-79.8366,0.0,0.0,0.0,0.0,0.0,0.0,0.0
Chimbote,Peru,PER,False,-9.0745,-78.5936,0.0,0.0,0.0,0.0,0.0,0.0,0.0
Lima,Peru,PER,False,-12.05,-77.0333,2.0,2.0,3.0,0.0,0.0,0.0,0.0
Santiago,Peru,PER,False,-14.1896,-75.74,0.0,0.0,2.0,2.0,0.0,0.0,0.0
Trujillo,Peru,PER,False,-8.1119,-79.0289,0.0,0.0,0.0,0.0,0.0,0.0,0.0
Comas,Peru,PER,False,-11.95,-77.0667,0.0,0.0,2.0,0.0,0.0,0.0,0.0
Santiago de Surco,Peru,PER,False,-12.1453,-77.0051,0.0,0.0,3.0,0.0,0.0,0.0,0.0
Arua,Uganda,UGA,False,3.03,30.91,0.0,0.0,0.0,0.0,0.0,0.0,0.0
Gulu,Uganda,UGA,False,2.7667,32.3056,0.0,0.0,0.0,0.0,0.0,0.0,0.0
Kampala,Uganda,UGA,False,0.3136,32.5811,0.0,0.0,0.0,0.0,0.0,0.0,0.0
Lira,Uganda,UGA,False,2.2604,32.89,0.0,0.0,0.0,0.0,0.0,0.0,0.0
Mbale,Uganda,UGA,False,1.0806,34.175,0.0,0.0,0.0,0.0,0.0,0.0,0.0
Tororo,Uganda,UGA,False,0.6928,34.1808,0.0,0.0,0.0,0.0,0.0,0.0,0.0
Arusha,United Republic of Tanzania,TZA,False,-3.3667,36.6833,0.0,0.0,0.0,0.0,0.0,0.0,0.0
Dar es Salaam,United Republic of Tanzania,TZA,True,-6.8,39.2833,0.0,2.0,2.0,0.0,0.0,0.0,0.0
Dodoma,United Republic of Tanzania,TZA,False,-6.25,35.75,0.0,0.0,0.0,0.0,0.0,0.0,0.0
Mbeya,United Republic of Tanzania,TZA,False,-8.9,33.45,0.0,0.0,0.0,0.0,0.0,0.0,0.0
Mwanza,United Republic of Tanzania,TZA,False,-2.5167,32.9,0.0,0.0,0.0,0.0,0.0,0.0,0.0
Tanga,United Republic of Tanzania,TZA,False,-5.0667,39.1,0.0,0.0,0.0,0.0,0.0,0.0,0.0
Ashdod,Israel,ISR,False,31.7978,34.6503,0.0,0.0,0.0,0.0,0.0,0.0,0.0
Haifa,Israel,ISR,False,32.8,34.9833,0.0,0.0,0.0,0.0,0.0,0.0,0.0
Jerusalem,Israel,ISR,False,31.7833,35.2167,0.0,0.0,0.0,0.0,0.0,0.0,0.0
Tel Aviv-Yafo,Israel,ISR,False,32.0833,34.8,0.0,0.0,0.0,0.0,0.0,0.0,0.0
Ashgabat,Turkmenistan,TKM,False,37.95,58.3833,0.0,0.0,0.0,0.0,0.0,0.0,0.0
Balkanabat,Turkmenistan,TKM,False,39.5119,54.365,0.0,0.0,0.0,0.0,0.0,0.0,0.0
Mary,Turkmenistan,TKM,False,37.6,61.8333,0.0,0.0,0.0,0.0,0.0,0.0,0.0
Serdar,Turkmenistan,TKM,False,38.9764,56.2758,0.0,0.0,0.0,0.0,0.0,0.0,0.0
Asmara,Eritrea,ERI,False,15.3333,38.9167,0.0,0.0,0.0,0.0,0.0,0.0,0.0
Assab,Eritrea,ERI,False,13.0078,42.7411,0.0,0.0,0.0,0.0,0.0,0.0,0.0
Keren,Eritrea,ERI,False,15.6804,38.45,0.0,0.0,0.0,0.0,0.0,0.0,0.0
Massawa,Eritrea,ERI,False,15.6,39.4333,0.0,0.0,0.0,0.0,0.0,0.0,0.0
Mendefera,Eritrea,ERI,False,14.8833,38.8167,0.0,0.0,0.0,0.0,0.0,0.0,0.0
Assomada,Cabo Verde,CPV,False,15.0949,-23.6654,0.0,0.0,0.0,0.0,0.0,0.0,0.0
Mindelo,Cabo Verde,CPV,False,16.8914,-24.988,0.0,0.0,0.0,0.0,0.0,0.0,0.0
Pedra Badejo,Cabo Verde,CPV,False,15.1375,-23.5333,0.0,0.0,0.0,0.0,0.0,0.0,0.0
Praia,Cabo Verde,CPV,False,14.9177,-23.5092,0.0,0.0,0.0,0.0,0.0,0.0,0.0
Sal Rei,Cabo Verde,CPV,False,16.176,-22.9171,0.0,0.0,0.0,0.0,0.0,0.0,0.0
Asunción,Paraguay,PRY,False,-25.3,-57.6333,0.0,2.0,1.0,2.0,0.0,0.0,0.0
Ciudad del Este,Paraguay,PRY,False,-25.5167,-54.6167,0.0,0.0,0.0,0.0,0.0,0.0,0.0
Coronel Oviedo,Paraguay,PRY,False,-25.45,-56.44,0.0,0.0,0.0,0.0,0.0,0.0,0.0
Pedro Juan Caballero,Paraguay,PRY,False,-22.5667,-55.7167,0.0,0.0,0.0,0.0,0.0,0.0,0.0
San Lorenzo,Paraguay,PRY,False,-25.3431,-57.5094,0.0,0.0,0.0,0.0,0.0,0.0,0.0
Athens,Greece,GRC,False,37.9794,23.7161,0.0,0.0,0.0,0.0,0.0,0.0,0.0
Piraeus,Greece,GRC,False,37.95,23.7,0.0,0.0,0.0,0.0,0.0,0.0,0.0
Auckland,New Zealand,NZL,True,-36.85,174.7833,0.0,2.0,2.0,2.0,0.0,0.0,0.0
Cambridge,New Zealand,NZL,False,-37.8833,175.4667,0.0,0.0,2.0,0.0,0.0,0.0,0.0
Christchurch,New Zealand,NZL,False,-43.5309,172.6365,0.0,0.0,0.0,0.0,0.0,0.0,0.0
Hamilton,New Zealand,NZL,False,-37.7833,175.2833,0.0,0.0,2.0,1.0,0.0,0.0,0.0
Lower Hutt,New Zealand,NZL,False,-41.2167,174.9167,0.0,0.0,0.0,2.0,0.0,0.0,0.0
Manukau City,New Zealand,NZL,False,-36.9833,174.8833,0.0,0.0,0.0,0.0,0.0,0.0,0.0
Northcote,New Zealand,NZL,False,-36.7913,174.7758,0.0,0.0,0.0,0.0,0.0,0.0,0.0
Waitakere,New Zealand,NZL,False,-36.849,174.543,0.0,0.0,0.0,0.0,0.0,0.0,0.0
Wellington,New Zealand,NZL,False,-41.2889,174.7772,0.0,2.0,2.0,0.0,0.0,0.0,0.0
New Plymouth District,New Zealand,NZL,False,-39.1011,174.354,0.0,2.0,0.0,0.0,2.0,0.0,0.0
Autlán de Navarro,Mexico,MEX,False,19.7667,-104.3667,0.0,2.0,2.0,2.0,2.0,0.0,0.0
Chapala,Mexico,MEX,False,20.2933,-103.1897,0.0,2.0,1.0,3.0,0.0,0.0,0.0
Chihuahua,Mexico,MEX,False,28.6353,-106.0889,0.0,0.0,2.0,0.0,0.0,0.0,0.0
Córdoba,Mexico,MEX,False,18.8942,-96.9347,0.0,0.0,1.0,0.0,0.0,0.0,0.0
Ecatepec,Mexico,MEX,False,19.6097,-99.06,0.0,0.0,0.0,0.0,0.0,0.0,0.0
Escuintla,Mexico,MEX,False,15.3194,-92.6583,0.0,0.0,0.0,0.0,0.0,0.0,0.0
Guadalajara,Mexico,MEX,True,20.6767,-103.3475,0.0,0.0,2.0,0.0,0.0,0.0,0.0
Juárez,Mexico,MEX,False,31.7386,-106.487,0.0,0.0,2.0,0.0,0.0,0.0,0.0
La Barca,Mexico,MEX,False,20.2903,-102.5456,0.0,2.0,2.0,0.0,2.0,0.0,0.0
La Paz,Mexico,MEX,False,24.1422,-110.3108,0.0,0.0,0.0,0.0,0.0,0.0,0.0
Mexico City,Mexico,MEX,True,19.4333,-99.1333,0.0,2.0,3.0,0.0,0.0,0.0,0.0
Monterrey,Mexico,MEX,False,25.6667,-100.3,0.0,0.0,0.0,0.0,0.0,0.0,0.0
Mérida,Mexico,MEX,False,20.97,-89.62,0.0,0.0,0.0,2.0,0.0,0.0,0.0
Naucalpan de Juárez,Mexico,MEX,False,19.4753,-99.2378,0.0,0.0,2.0,0.0,0.0,0.0,0.0
Puebla,Mexico,MEX,False,19.0333,-98.1833,0.0,0.0,0.0,0.0,0.0,0.0,0.0
San Fernando,Mexico,MEX,False,24.8504,-98.16,0.0,0.0,0.0,0.0,0.0,0.0,0.0
San Francisco,Mexico,MEX,True,20.5333,-102.5,0.0,0.0,2.0,0.0,0.0,0.0,0.0
San Pedro,Mexico,MEX,False,25.7589,-102.9844,0.0,0.0,0.0,0.0,0.0,0.0,0.0
San Salvador,Mexico,MEX,False,20.2833,-99.0153,0.0,0.0,0.0,0.0,0.0,0.0,0.0
Santa Ana,Mexico,MEX,False,30.5406,-111.1205,0.0,0.0,0.0,0.0,0.0,0.0,0.0
Santiago,Mexico,MEX,False,25.4333,-100.1333,0.0,0.0,2.0,2.0,0.0,0.0,0.0
Tijuana,Mexico,MEX,False,32.525,-117.0333,0.0,0.0,0.0,0.0,0.0,0.0,0.0
Torreón,Mexico,MEX,False,25.5394,-103.4486,0.0,0.0,2.0,3.0,2.0,0.0,0.0
Victoria,Mexico,MEX,False,21.2122,-100.2144,0.0,0.0,0.0,0.0,0.0,0.0,0.0
Villanueva,Mexico,MEX,False,22.3536,-102.8831,0.0,0.0,0.0,0.0,0.0,0.0,0.0
Xalapa,Mexico,MEX,False,19.54,-96.9275,2.0,2.0,2.0,0.0,2.0,0.0,0.0
Cihuatlán,Mexico,MEX,False,19.34,-104.38,0.0,2.0,2.0,1.0,1.0,1.0,0.0
Ba,Fiji,FJI,False,-17.5333,177.6833,0.0,0.0,0.0,0.0,0.0,0.0,0.0
Labasa,Fiji,FJI,False,-16.4333,179.3667,0.0,0.0,0.0,0.0,0.0,0.0,0.0
Lautoka,Fiji,FJI,False,-17.6242,177.4528,0.0,0.0,0.0,0.0,0.0,0.0,0.0
Nadi,Fiji,FJI,False,-17.8,177.4167,0.0,0.0,0.0,0.0,0.0,0.0,0.0
Nausori,Fiji,FJI,False,-18.0244,178.5454,0.0,0.0,0.0,0.0,0.0,0.0,0.0
Suva,Fiji,FJI,False,-18.1333,178.4333,0.0,0.0,0.0,0.0,0.0,0.0,0.0
Bafoussam,Cameroon,CMR,False,5.4667,10.4167,0.0,0.0,0.0,0.0,0.0,0.0,0.0
Bamenda,Cameroon,CMR,False,5.9333,10.1667,0.0,0.0,0.0,0.0,0.0,0.0,0.0
Douala,Cameroon,CMR,False,4.05,9.7,0.0,0.0,0.0,0.0,0.0,0.0,0.0
Garoua,Cameroon,CMR,False,9.3,13.4,0.0,0.0,0.0,0.0,0.0,0.0,0.0
Maroua,Cameroon,CMR,False,10.5823,14.3275,0.0,0.0,0.0,0.0,0.0,0.0,0.0
Yaoundé,Cameroon,CMR,False,3.8578,11.5181,0.0,2.0,2.0,0.0,0.0,0.0,0.0
Bago,Myanmar,MMR,False,17.3433,96.4981,0.0,0.0,0.0,0.0,0.0,0.0,0.0
Hpa-An,Myanmar,MMR,False,16.8906,97.6333,0.0,0.0,0.0,0.0,0.0,0.0,0.0
Mandalay,Myanmar,MMR,False,21.9769,96.0869,0.0,0.0,0.0,0.0,0.0,0.0,0.0
Myeik,Myanmar,MMR,False,12.4394,98.6003,0.0,0.0,0.0,0.0,0.0,0.0,0.0
Nay Pyi Taw,Myanmar,MMR,False,19.8028,96.1583,0.0,0.0,0.0,0.0,0.0,0.0,0.0
Rangoon,Myanmar,MMR,False,16.8,96.15,0.0,0.0,0.0,0.0,0.0,0.0,0.0
Bago,Philippines,PHL,False,10.5388,122.8384,0.0,0.0,0.0,0.0,0.0,0.0,0.0
Caloocan City,Philippines,PHL,False,14.65,120.9667,0.0,0.0,0.0,0.0,0.0,0.0,0.0
Cebu City,Philippines,PHL,False,10.3,123.9,0.0,0.0,0.0,0.0,0.0,0.0,0.0
Davao,Philippines,PHL,False,7.0667,125.6,0.0,0.0,0.0,0.0,0.0,0.0,0.0
Manila,Philippines,PHL,False,14.5958,120.9772,0.0,0.0,0.0,0.0,0.0,0.0,0.0
Quezon City,Philippines,PHL,False,14.6333,121.0333,0.0,0.0,0.0,0.0,0.0,0.0,0.0
San Fernando,Philippines,PHL,False,15.0333,120.6833,0.0,0.0,0.0,0.0,0.0,0.0,0.0
San Jose,Philippines,PHL,False,15.7833,121.0,0.0,0.0,2.0,0.0,0.0,0.0,0.0
San Juan,Philippines,PHL,False,14.6,121.0333,0.0,0.0,0.0,0.0,0.0,0.0,0.0
San Pedro,Philippines,PHL,False,14.3583,121.0583,0.0,0.0,0.0,0.0,0.0,0.0,0.0
Santiago,Philippines,PHL,False,16.6833,121.55,0.0,0.0,2.0,2.0,0.0,0.0,0.0
Toledo,Philippines,PHL,False,10.3833,123.65,0.0,0.0,0.0,3.0,0.0,0.0,0.0
Valencia,Philippines,PHL,False,7.9,125.0833,0.0,0.0,0.0,0.0,0.0,0.0,0.0
Zamboanga City,Philippines,PHL,False,6.9167,122.0833,0.0,0.0,0.0,0.0,0.0,0.0,0.0
Baidoa,Somalia,SOM,False,3.1167,43.65,0.0,0.0,0.0,0.0,0.0,0.0,0.0
Beledweyne,Somalia,SOM,False,4.736,45.204,0.0,0.0,0.0,0.0,0.0,0.0,0.0
Jamaame,Somalia,SOM,False,0.0722,42.7506,0.0,0.0,0.0,0.0,0.0,0.0,0.0
Jawhar,Somalia,SOM,False,2.767,45.5166,0.0,0.0,0.0,0.0,0.0,0.0,0.0
Kismaayo,Somalia,SOM,False,-0.3603,42.5489,0.0,0.0,0.0,0.0,0.0,0.0,0.0
Mogadishu,Somalia,SOM,False,2.0408,45.3425,0.0,0.0,0.0,0.0,0.0,0.0,0.0
Baku,Azerbaijan,AZE,False,40.3667,49.8352,0.0,0.0,0.0,0.0,0.0,0.0,0.0
Balboa,Panama,PAN,False,8.9571,-79.5593,0.0,0.0,0.0,0.0,0.0,0.0,0.0
David,Panama,PAN,False,8.4333,-82.4333,0.0,0.0,0.0,0.0,0.0,0.0,0.0
La Chorrera,Panama,PAN,False,8.8792,-79.7822,0.0,0.0,0.0,0.0,0.0,0.0,0.0
Pacora,Panama,PAN,False,9.08,-79.28,0.0,0.0,0.0,0.0,0.0,0.0,0.0
Panama City,Panama,PAN,False,9.0,-79.5,0.0,0.0,0.0,0.0,0.0,0.0,0.0
Santiago,Panama,PAN,False,8.1004,-80.9833,0.0,0.0,2.0,2.0,0.0,0.0,0.0
Bamako,Mali,MLI,False,12.6458,-7.9922,0.0,0.0,0.0,0.0,0.0,0.0,0.0
Gao,Mali,MLI,False,16.2666,-0.05,0.0,0.0,0.0,0.0,0.0,0.0,0.0
Kayes,Mali,MLI,False,14.45,-11.4167,0.0,0.0,0.0,0.0,0.0,0.0,0.0
Koutiala,Mali,MLI,False,12.3904,-5.47,0.0,0.0,0.0,0.0,0.0,0.0,0.0
Mopti,Mali,MLI,False,14.49,-4.18,0.0,0.0,0.0,0.0,0.0,0.0,0.0
Sikasso,Mali,MLI,False,11.3167,-5.6667,0.0,0.0,0.0,0.0,0.0,0.0,0.0
Bambari,Central African Republic,CAF,False,5.7667,20.6833,0.0,0.0,0.0,0.0,0.0,0.0,0.0
Bangui,Central African Republic,CAF,False,4.3732,18.5628,0.0,0.0,0.0,0.0,0.0,0.0,0.0
Bimbo,Central African Republic,CAF,False,4.3313,18.5163,0.0,0.0,0.0,0.0,0.0,0.0,0.0
Bouar,Central African Republic,CAF,False,5.95,15.6,0.0,0.0,0.0,0.0,0.0,0.0,0.0
Carnot,Central African Republic,CAF,False,4.9333,15.8667,0.0,0.0,0.0,0.0,0.0,0.0,0.0
Bandar Seri Begawan,Brunei Darussalam,BRN,False,4.9167,114.9167,0.0,0.0,0.0,0.0,0.0,0.0,0.0
Kuala Belait,Brunei Darussalam,BRN,False,4.5833,114.1833,0.0,0.0,0.0,0.0,0.0,0.0,0.0
Seria,Brunei Darussalam,BRN,False,4.6142,114.3303,0.0,0.0,0.0,0.0,0.0,0.0,0.0
Bandung,Indonesia,IDN,False,-6.95,107.5667,0.0,0.0,0.0,0.0,0.0,0.0,0.0
Bekasi,Indonesia,IDN,False,-6.2333,107.0,0.0,0.0,0.0,0.0,0.0,0.0,0.0
Jakarta,Indonesia,IDN,True,-6.2146,106.8451,2.0,2.0,2.0,2.0,0.0,0.0,0.0
Medan,Indonesia,IDN,False,3.6667,98.6667,0.0,0.0,0.0,0.0,0.0,0.0,0.0
Surabaya,Indonesia,IDN,False,-7.2458,112.7378,0.0,0.0,0.0,0.0,0.0,0.0,0.0
Tangerang,Indonesia,IDN,False,-6.1783,106.6319,0.0,0.0,0.0,0.0,0.0,0.0,0.0
Banfora,Burkina Faso,BFA,False,10.6308,-4.7589,0.0,0.0,0.0,0.0,0.0,0.0,0.0
Bobo-Dioulasso,Burkina Faso,BFA,False,11.1833,-4.2833,0.0,0.0,0.0,0.0,0.0,0.0,0.0
Kaya,Burkina Faso,BFA,False,13.0904,-1.09,0.0,0.0,0.0,0.0,0.0,0.0,0.0
Koudougou,Burkina Faso,BFA,False,12.25,-2.3667,0.0,0.0,0.0,0.0,0.0,0.0,0.0
Ouagadougou,Burkina Faso,BFA,False,12.3572,-1.5353,0.0,0.0,0.0,0.0,0.0,0.0,0.0
Ouahigouya,Burkina Faso,BFA,False,13.5833,-2.4167,0.0,0.0,0.0,0.0,0.0,0.0,0.0
Bangalore,India,IND,False,12.9699,77.598,0.0,0.0,0.0,0.0,0.0,0.0,0.0
Bharatpur,India,IND,False,27.2172,77.49,0.0,0.0,0.0,0.0,0.0,0.0,0.0
Chennai,India,IND,False,13.0825,80.275,0.0,0.0,0.0,0.0,0.0,0.0,0.0
Delhi,India,IND,False,28.66,77.23,0.0,0.0,0.0,0.0,0.0,0.0,0.0
Kolkāta,India,IND,True,22.5411,88.3378,0.0,2.0,0.0,0.0,0.0,0.0,0.0
Mumbai,India,IND,False,18.9667,72.8333,0.0,0.0,0.0,0.0,0.0,0.0,0.0
Bangkok,Thailand,THA,True,13.75,100.5167,0.0,0.0,1.0,0.0,0.0,0.0,0.0
Chiang Mai,Thailand,THA,False,18.7889,98.9833,0.0,0.0,0.0,0.0,0.0,0.0,0.0
Hat Yai,Thailand,THA,False,7.0167,100.4667,0.0,0.0,0.0,0.0,0.0,0.0,0.0
Nakhon Ratchasima,Thailand,THA,False,14.9736,102.0831,0.0,0.0,0.0,0.0,0.0,0.0,0.0
Nonthaburi,Thailand,THA,False,13.8667,100.5167,0.0,0.0,0.0,0.0,0.0,0.0,0.0
Pak Kret,Thailand,THA,False,13.9125,100.4978,0.0,0.0,0.0,0.0,0.0,0.0,0.0
Banja Luka,Bosnia and Herzegovina,BIH,False,44.7667,17.1833,0.0,0.0,0.0,0.0,0.0,0.0,0.0
Bijeljina,Bosnia and Herzegovina,BIH,False,44.75,19.2167,0.0,0.0,0.0,0.0,0.0,0.0,0.0
Mostar,Bosnia and Herzegovina,BIH,False,43.3494,17.8125,0.0,0.0,0.0,0.0,0.0,0.0,0.0
Prijedor,Bosnia and Herzegovina,BIH,False,44.9667,16.7,0.0,0.0,0.0,0.0,0.0,0.0,0.0
Sarajevo,Bosnia and Herzegovina,BIH,False,43.8667,18.4167,0.0,0.0,0.0,0.0,0.0,0.0,0.0
Tuzla,Bosnia and Herzegovina,BIH,False,44.5381,18.6761,0.0,0.0,0.0,0.0,0.0,0.0,0.0
Banjul,Gambia,GMB,False,13.4531,-16.5775,0.0,0.0,0.0,0.0,0.0,0.0,0.0
Bansang,Gambia,GMB,False,13.4336,-14.65,0.0,0.0,0.0,0.0,0.0,0.0,0.0
Basse Santa Su,Gambia,GMB,False,13.31,-14.223,0.0,0.0,0.0,0.0,0.0,0.0,0.0
Brikama,Gambia,GMB,False,13.2804,-16.6599,0.0,0.0,0.0,0.0,0.0,0.0,0.0
Farafenni,Gambia,GMB,False,13.5667,-15.6,0.0,0.0,0.0,0.0,0.0,0.0,0.0
Mansa Konko,Gambia,GMB,False,13.3773,-15.6786,0.0,0.0,0.0,0.0,0.0,0.0,0.0
Barcelona,Spain,ESP,True,41.3825,2.1769,0.0,2.0,3.0,2.0,2.0,0.0,0.0
Cartagena,Spain,ESP,False,37.6,-0.9819,0.0,0.0,2.0,2.0,0.0,0.0,0.0
Córdoba,Spain,ESP,False,37.8833,-4.7667,0.0,0.0,1.0,0.0,0.0,0.0,0.0
Guadalajara,Spain,ESP,True,40.6335,-3.1669,0.0,0.0,2.0,0.0,0.0,0.0,0.0
Madrid,Spain,ESP,False,40.4189,-3.6919,0.0,0.0,0.0,0.0,0.0,0.0,0.0
Murcia,Spain,ESP,False,37.9866,-1.1415,0.0,0.0,3.0,2.0,0.0,0.0,0.0
Mérida,Spain,ESP,False,38.9158,-6.3333,0.0,0.0,0.0,2.0,0.0,0.0,0.0
Santa Cruz,Spain,ESP,False,28.4667,-16.25,0.0,0.0,2.0,0.0,0.0,0.0,0.0
Sevilla,Spain,ESP,False,37.3828,-5.9731,0.0,0.0,0.0,0.0,0.0,0.0,0.0
Toledo,Spain,ESP,False,39.867,-4.0167,0.0,0.0,0.0,3.0,0.0,0.0,0.0
Valencia,Spain,ESP,False,39.4667,-0.375,0.0,0.0,0.0,0.0,0.0,0.0,0.0
Zaragoza,Spain,ESP,False,41.6483,-0.883,0.0,0.0,0.0,0.0,0.0,0.0,0.0
Barcelona,Venezuela (Bolivarian Republic of),VEN,True,10.1333,-64.6833,0.0,2.0,3.0,2.0,2.0,0.0,0.0
Barinas,Venezuela (Bolivarian Republic of),VEN,False,8.6333,-70.2167,0.0,0.0,0.0,0.0,0.0,0.0,0.0
Barquisimeto,Venezuela (Bolivarian Republic of),VEN,False,10.0678,-69.3467,0.0,0.0,0.0,0.0,0.0,0.0,0.0
Caracas,Venezuela (Bolivarian Republic of),VEN,False,10.5,-66.9333,0.0,0.0,0.0,0.0,0.0,0.0,0.0
Ciudad Guayana,Venezuela (Bolivarian Republic of),VEN,False,8.3596,-62.6517,0.0,0.0,0.0,0.0,0.0,0.0,0.0
Maracaibo,Venezuela (Bolivarian Republic of),VEN,False,10.6333,-71.6333,0.0,0.0,0.0,0.0,0.0,0.0,0.0
Mérida,Venezuela (Bolivarian Republic of),VEN,False,8.5833,-71.1333,0.0,0.0,0.0,2.0,0.0,0.0,0.0
San Fernando,Venezuela (Bolivarian Republic of),VEN,False,7.894,-67.473,0.0,0.0,0.0,0.0,0.0,0.0,0.0
Trujillo,Venezuela (Bolivarian Republic of),VEN,False,9.3667,-70.4331,0.0,0.0,0.0,0.0,0.0,0.0,0.0
Valencia,Venezuela (Bolivarian Republic of),VEN,False,10.1667,-68.0,0.0,0.0,0.0,0.0,0.0,0.0,0.0
Barrancabermeja,Colombia,COL,False,7.09,-73.85,0.0,0.0,3.0,2.0,0.0,0.0,0.0
Barranquilla,Colombia,COL,False,10.96,-74.8,0.0,0.0,0.0,0.0,0.0,0.0,0.0
Bucaramanga,Colombia,COL,False,7.1186,-73.1161,0.0,0.0,3.0,3.0,0.0,0.0,0.0
Cali,Colombia,COL,False,3.44,-76.5197,0.0,0.0,0.0,2.0,0.0,0.0,0.0
Cartagena,Colombia,COL,False,10.4236,-75.5253,0.0,0.0,2.0,2.0,0.0,0.0,0.0
Cartago,Colombia,COL,False,4.75,-75.91,0.0,0.0,0.0,0.0,0.0,0.0,0.0
Ibagué,Colombia,COL,False,4.4378,-75.2006,0.0,2.0,3.0,0.0,2.0,0.0,0.0
Leticia,Colombia,COL,False,-4.215,-69.9411,0.0,2.0,0.0,0.0,0.0,0.0,0.0
Medellín,Colombia,COL,True,6.2447,-75.5748,0.0,0.0,2.0,2.0,0.0,0.0,0.0
Montería,Colombia,COL,False,8.76,-75.8856,0.0,0.0,2.0,1.0,0.0,0.0,0.0
San Andrés,Colombia,COL,False,12.5847,-81.7006,0.0,0.0,3.0,3.0,3.0,0.0,0.0
Sincelejo,Colombia,COL,False,9.2994,-75.3958,2.0,0.0,2.0,2.0,0.0,0.0,0.0
Palmira,Colombia,COL,False,3.53944,-76.3036,0.0,0.0,2.0,2.0,2.0,0.0,0.0
SopÃ³,Colombia,COL,False,4.9075,-73.9384,0.0,0.0,0.0,0.0,1.0,0.0,0.0
Basel,Switzerland,CHE,False,47.5606,7.5906,0.0,0.0,0.0,0.0,0.0,0.0,0.0
Bern,Switzerland,CHE,False,46.948,7.4474,0.0,0.0,0.0,0.0,0.0,0.0,0.0
Geneva,Switzerland,CHE,False,46.2,6.15,0.0,0.0,0.0,0.0,0.0,0.0,0.0
Lausanne,Switzerland,CHE,False,46.5333,6.6333,0.0,0.0,0.0,0.0,0.0,0.0,0.0
Winterthur,Switzerland,CHE,False,47.4992,8.7267,0.0,0.0,0.0,0.0,0.0,0.0,0.0
Bassar,Togo,TGO,False,9.25,0.7833,0.0,0.0,0.0,0.0,0.0,0.0,0.0
Basseterre,Saint Kitts and Nevis,KNA,False,17.2983,-62.7342,0.0,0.0,0.0,0.0,0.0,0.0,0.0
Bata,Equatorial Guinea,GNQ,False,1.85,9.75,0.0,0.0,0.0,0.0,0.0,0.0,0.0
Bengonbeyene,Equatorial Guinea,GNQ,False,1.6931,11.0342,0.0,0.0,0.0,0.0,0.0,0.0,0.0
Malabo,Equatorial Guinea,GNQ,False,3.7521,8.7737,0.0,0.0,0.0,0.0,0.0,0.0,0.0
Mbini,Equatorial Guinea,GNQ,False,1.5833,9.6167,0.0,0.0,0.0,0.0,0.0,0.0,0.0
Battambang,Cambodia,KHM,False,13.1,103.2,0.0,0.0,0.0,0.0,0.0,0.0,0.0
Kampong Cham,Cambodia,KHM,False,12.0,105.45,0.0,0.0,0.0,0.0,0.0,0.0,0.0
Kratie,Cambodia,KHM,False,12.4881,106.0188,0.0,0.0,0.0,0.0,0.0,0.0,0.0
Phnom Penh,Cambodia,KHM,False,11.5696,104.921,0.0,0.0,0.0,0.0,0.0,0.0,0.0
Prey Veng,Cambodia,KHM,False,11.484,105.324,0.0,0.0,0.0,0.0,0.0,0.0,0.0
Siem Reap,Cambodia,KHM,False,13.3622,103.8597,0.0,0.0,0.0,0.0,0.0,0.0,0.0
Batumi,Georgia,GEO,False,41.6458,41.6417,0.0,0.0,0.0,0.0,0.0,0.0,0.0
Gori,Georgia,GEO,False,41.9817,44.1124,0.0,0.0,0.0,0.0,0.0,0.0,0.0
Kutaisi,Georgia,GEO,False,42.25,42.7,0.0,0.0,0.0,0.0,0.0,0.0,0.0
Rustavi,Georgia,GEO,False,41.5333,45.0,0.0,0.0,0.0,0.0,0.0,0.0,0.0
Sokhumi,Georgia,GEO,False,43.0033,41.0153,0.0,0.0,0.0,0.0,0.0,0.0,0.0
Tbilisi,Georgia,GEO,False,41.7225,44.7925,0.0,0.0,0.0,0.0,0.0,0.0,0.0
Bayamo,Cuba,CUB,False,20.3817,-76.6428,0.0,0.0,0.0,0.0,0.0,0.0,0.0
Havana,Cuba,CUB,False,23.1367,-82.3589,0.0,0.0,0.0,0.0,0.0,0.0,0.0
Salvador,Cuba,CUB,False,20.2094,-75.2231,0.0,0.0,0.0,0.0,0.0,0.0,0.0
Santiago de Cuba,Cuba,CUB,False,20.0283,-75.8206,0.0,0.0,0.0,0.0,0.0,0.0,0.0
Beijing,China,CHN,False,39.905,116.3914,0.0,0.0,0.0,0.0,0.0,0.0,0.0
Chengdu,China,CHN,False,30.6636,104.0667,0.0,0.0,0.0,0.0,0.0,0.0,0.0
Dalian,China,CHN,True,38.9131,121.61,2.0,0.0,2.0,0.0,0.0,0.0,0.0
Guangzhou,China,CHN,False,23.1288,113.259,0.0,0.0,0.0,0.0,0.0,0.0,0.0
Nanyang,China,CHN,False,32.9987,112.5292,0.0,0.0,0.0,0.0,0.0,0.0,0.0
Shanghai,China,CHN,False,31.1667,121.4667,0.0,0.0,0.0,0.0,0.0,0.0,0.0
Shenzhen,China,CHN,False,22.535,114.054,0.0,0.0,0.0,0.0,0.0,0.0,0.0
Beira,Mozambique,MOZ,False,-19.8333,34.85,0.0,0.0,0.0,0.0,0.0,0.0,0.0
Chimoio,Mozambique,MOZ,False,-19.1167,33.45,0.0,0.0,0.0,0.0,0.0,0.0,0.0
Cidade de Nacala,Mozambique,MOZ,False,-14.5186,40.715,0.0,0.0,2.0,0.0,0.0,0.0,0.0
Maputo,Mozambique,MOZ,False,-25.9153,32.5764,0.0,0.0,0.0,0.0,0.0,0.0,0.0
Matola,Mozambique,MOZ,False,-25.9667,32.4667,0.0,0.0,0.0,0.0,0.0,0.0,0.0
Nampula,Mozambique,MOZ,False,-15.1167,39.2667,0.0,0.0,0.0,0.0,0.0,0.0,0.0
Pemba,Mozambique,MOZ,False,-12.9667,40.5167,0.0,2.0,2.0,0.0,2.0,0.0,2.0
Quelimane,Mozambique,MOZ,False,-17.8764,36.8872,0.0,2.0,0.0,2.0,0.0,2.0,0.0
Ilha,Mozambique,MOZ,False,-15.0364,-40.7323,0.0,2.0,2.0,2.0,0.0,2.0,0.0
Beirut,Lebanon,LBN,False,33.8869,35.5131,0.0,0.0,0.0,0.0,0.0,0.0,0.0
Sidon,Lebanon,LBN,False,33.5606,35.3981,0.0,0.0,0.0,0.0,0.0,0.0,0.0
Tripoli,Lebanon,LBN,False,34.4333,35.8333,0.0,0.0,0.0,0.0,0.0,0.0,0.0
Tyre,Lebanon,LBN,False,33.2667,35.2,0.0,0.0,0.0,0.0,0.0,0.0,0.0
Belgrade,Serbia,SRB,False,44.8167,20.4667,0.0,0.0,0.0,0.0,0.0,0.0,0.0
Bor,Serbia,SRB,False,44.1303,22.1036,0.0,0.0,0.0,0.0,0.0,0.0,0.0
Kragujevac,Serbia,SRB,False,44.0142,20.9394,0.0,0.0,0.0,0.0,0.0,0.0,0.0
Novi Sad,Serbia,SRB,False,45.2644,19.8317,0.0,0.0,0.0,0.0,0.0,0.0,0.0
Subotica,Serbia,SRB,False,46.0983,19.67,0.0,0.0,0.0,0.0,0.0,0.0,0.0
Zemun,Serbia,SRB,False,44.85,20.4,0.0,0.0,0.0,0.0,0.0,0.0,0.0
Belize City,Belize,BLZ,False,17.4986,-88.1886,0.0,0.0,0.0,0.0,0.0,0.0,0.0
Belmopan,Belize,BLZ,False,17.25,-88.7675,0.0,0.0,0.0,0.0,0.0,0.0,0.0
Dangriga,Belize,BLZ,False,16.9667,-88.2167,0.0,0.0,0.0,0.0,0.0,0.0,0.0
Orange Walk,Belize,BLZ,False,18.075,-88.5583,0.0,0.0,0.0,0.0,0.0,0.0,0.0
San Ignacio,Belize,BLZ,False,17.1588,-89.0696,0.0,0.0,0.0,0.0,0.0,0.0,0.0
San Pedro,Belize,BLZ,False,17.9214,-87.9611,0.0,0.0,0.0,0.0,0.0,0.0,0.0
Bender,Republic of Moldova,MDA,False,46.8333,29.4833,0.0,0.0,0.0,0.0,0.0,0.0,0.0
Chisinau,Republic of Moldova,MDA,False,47.0056,28.8575,0.0,0.0,0.0,0.0,0.0,0.0,0.0
Tiraspol,Republic of Moldova,MDA,False,46.8319,29.5767,0.0,0.0,0.0,0.0,0.0,0.0,0.0
Ungheni,Republic of Moldova,MDA,False,47.2042,27.7958,0.0,0.0,0.0,0.0,0.0,0.0,0.0
Benghazi,Libya,LBY,False,32.1167,20.0667,0.0,0.0,0.0,0.0,0.0,0.0,0.0
Tripoli,Libya,LBY,False,32.8752,13.1875,0.0,0.0,0.0,0.0,0.0,0.0,0.0
Benguela,Angola,AGO,False,-12.55,13.4167,0.0,0.0,0.0,0.0,0.0,0.0,0.0
Cabinda,Angola,AGO,False,-5.55,12.2,0.0,0.0,0.0,0.0,0.0,0.0,0.0
Huambo,Angola,AGO,False,-12.7667,15.7333,0.0,0.0,0.0,0.0,0.0,0.0,0.0
Lobito,Angola,AGO,False,-12.37,13.5412,0.0,0.0,0.0,0.0,0.0,0.0,0.0
Luanda,Angola,AGO,False,-8.8383,13.2344,0.0,0.0,0.0,0.0,0.0,0.0,0.0
Benoni,South Africa,ZAF,False,-26.1883,28.3206,0.0,2.0,2.0,2.0,0.0,0.0,0.0
Cape Town,South Africa,ZAF,True,-33.925,18.425,0.0,0.0,3.0,0.0,0.0,0.0,0.0
Durban,South Africa,ZAF,True,-29.8583,31.025,0.0,2.0,0.0,0.0,0.0,0.0,0.0
Johannesburg,South Africa,ZAF,True,-26.2044,28.0416,0.0,0.0,2.0,0.0,0.0,0.0,0.0
Pietermaritzburg,South Africa,ZAF,False,-29.5833,30.4167,0.0,0.0,0.0,0.0,0.0,0.0,0.0
Pretoria,South Africa,ZAF,False,-25.7464,28.1881,0.0,0.0,0.0,0.0,0.0,0.0,0.0
Vereeniging,South Africa,ZAF,False,-26.6736,27.9319,0.0,0.0,0.0,0.0,0.0,0.0,0.0
Sekhukhune District Municipality,South Africa,ZAF,False,-24.8335,29.974,0.0,0.0,0.0,2.0,0.0,0.0,0.0
Bergen,Norway,NOR,False,60.3925,5.3233,0.0,0.0,0.0,0.0,0.0,0.0,0.0
Drammen,Norway,NOR,False,59.7572,10.1907,0.0,0.0,0.0,0.0,0.0,0.0,0.0
Oslo,Norway,NOR,True,59.9111,10.7528,0.0,0.0,3.0,1.0,0.0,0.0,0.0
Stavanger,Norway,NOR,False,58.9701,5.7333,0.0,0.0,0.0,0.0,0.0,0.0,0.0
Trondheim,Norway,NOR,False,63.44,10.4,0.0,0.0,0.0,0.0,0.0,0.0,0.0
Bergen,Germany,DEU,False,54.4167,13.4333,0.0,0.0,0.0,0.0,0.0,0.0,0.0
Berlin,Germany,DEU,False,52.5167,13.3833,0.0,0.0,0.0,0.0,0.0,0.0,0.0
Bremen,Germany,DEU,False,53.1153,8.7975,0.0,0.0,0.0,0.0,0.0,0.0,0.0
Cologne,Germany,DEU,False,50.9422,6.9578,0.0,0.0,0.0,0.0,0.0,0.0,0.0
Frankfurt,Germany,DEU,False,50.1136,8.6797,0.0,0.0,0.0,0.0,0.0,0.0,0.0
Hamburg,Germany,DEU,False,53.55,10.0,0.0,0.0,0.0,0.0,0.0,0.0,0.0
Mannheim,Germany,DEU,False,49.4878,8.4661,2.0,0.0,0.0,0.0,0.0,0.0,0.0
Munich,Germany,DEU,False,48.1372,11.5755,0.0,0.0,0.0,0.0,0.0,0.0,0.0
Rostock,Germany,DEU,False,54.0833,12.1333,0.0,2.0,0.0,0.0,0.0,0.0,0.0
Bharatpur,Nepal,NPL,False,27.6833,84.4333,0.0,0.0,0.0,0.0,0.0,0.0,0.0
Jitpur,Nepal,NPL,False,27.6666,85.3333,0.0,0.0,0.0,0.0,0.0,0.0,0.0
Kathmandu,Nepal,NPL,False,27.7167,85.3667,0.0,0.0,0.0,0.0,0.0,0.0,0.0
Pokhara,Nepal,NPL,False,28.2097,83.9853,0.0,0.0,0.0,0.0,0.0,0.0,0.0
Birkirkara,Malta,MLT,False,35.9,14.4667,0.0,0.0,0.0,0.0,0.0,0.0,0.0
Qormi,Malta,MLT,False,35.8794,14.4722,0.0,0.0,0.0,0.0,0.0,0.0,0.0
Valletta,Malta,MLT,False,35.8978,14.5125,0.0,0.0,0.0,0.0,0.0,0.0,0.0
Bishkek,Kyrgyzstan,KGZ,False,42.8667,74.5667,0.0,0.0,0.0,0.0,0.0,0.0,0.0
Jalal-Abad,Kyrgyzstan,KGZ,False,40.9375,72.9861,0.0,0.0,0.0,0.0,0.0,0.0,0.0
Kara-Balta,Kyrgyzstan,KGZ,False,42.8306,73.8857,0.0,0.0,0.0,0.0,0.0,0.0,0.0
Karakol,Kyrgyzstan,KGZ,False,42.5,78.3833,0.0,0.0,0.0,0.0,0.0,0.0,0.0
Osh,Kyrgyzstan,KGZ,False,40.5333,72.7833,0.0,0.0,0.0,0.0,0.0,0.0,0.0
Tokmok,Kyrgyzstan,KGZ,False,42.839,75.291,0.0,0.0,0.0,0.0,0.0,0.0,0.0
Bissau,Guinea-Bissau,GNB,False,11.8592,-15.5956,0.0,0.0,0.0,0.0,0.0,0.0,0.0
Cacheu,Guinea-Bissau,GNB,False,12.278,-16.165,0.0,0.0,0.0,0.0,0.0,0.0,0.0
Bitola,North Macedonia,MKD,False,41.0319,21.3347,0.0,0.0,0.0,0.0,0.0,0.0,0.0
Kumanovo,North Macedonia,MKD,False,42.1403,21.7136,0.0,0.0,0.0,0.0,0.0,0.0,0.0
Ohrid,North Macedonia,MKD,False,41.1169,20.8019,0.0,0.0,0.0,0.0,0.0,0.0,0.0
Prilep,North Macedonia,MKD,False,41.3464,21.5542,0.0,0.0,0.0,0.0,0.0,0.0,0.0
Skopje,North Macedonia,MKD,False,41.9833,21.4333,0.0,0.0,0.0,0.0,0.0,0.0,0.0
Tetovo,North Macedonia,MKD,False,42.0103,20.9714,0.0,0.0,0.0,0.0,0.0,0.0,0.0
Blantyre,Malawi,MWI,False,-15.7861,35.0058,0.0,0.0,0.0,0.0,0.0,0.0,0.0
Lilongwe,Malawi,MWI,False,-13.9833,33.7833,0.0,0.0,2.0,0.0,0.0,0.0,0.0
Mwanza,Malawi,MWI,False,-15.6167,34.5167,0.0,0.0,0.0,0.0,0.0,0.0,0.0
Mzuzu,Malawi,MWI,False,-11.45,34.0333,0.0,0.0,0.0,0.0,0.0,0.0,0.0
Nkhotakota,Malawi,MWI,False,-12.9163,34.3,0.0,0.0,0.0,0.0,0.0,0.0,0.0
Salima,Malawi,MWI,False,-13.7829,34.4333,0.0,0.0,0.0,0.0,0.0,0.0,0.0
Zomba,Malawi,MWI,False,-15.3833,35.3333,0.0,0.0,0.0,0.0,0.0,0.0,0.0
Bo,Sierra Leone,SLE,False,7.9564,-11.74,0.0,0.0,0.0,0.0,0.0,0.0,0.0
Freetown,Sierra Leone,SLE,False,8.4833,-13.2331,0.0,0.0,0.0,0.0,0.0,0.0,0.0
Kenema,Sierra Leone,SLE,False,7.8833,-11.1833,0.0,0.0,0.0,0.0,0.0,0.0,0.0
Koidu-Bulma,Sierra Leone,SLE,False,8.4405,-10.85,0.0,0.0,0.0,0.0,0.0,0.0,0.0
Makeni,Sierra Leone,SLE,False,8.8817,-12.0442,0.0,0.0,0.0,0.0,0.0,0.0,0.0
Boaco,Nicaragua,NIC,False,12.4722,-85.6586,0.0,0.0,0.0,0.0,0.0,0.0,0.0
Chinandega,Nicaragua,NIC,False,12.6242,-87.1297,0.0,0.0,0.0,0.0,0.0,0.0,0.0
Managua,Nicaragua,NIC,False,12.15,-86.2667,0.0,0.0,0.0,0.0,0.0,0.0,0.0
Masaya,Nicaragua,NIC,False,11.9667,-86.1,0.0,0.0,0.0,0.0,0.0,0.0,0.0
Matagalpa,Nicaragua,NIC,False,12.9167,-85.9167,0.0,0.0,0.0,0.0,0.0,0.0,0.0
Bokhtar,Tajikistan,TJK,False,37.8364,68.7803,0.0,0.0,0.0,0.0,0.0,0.0,0.0
Dushanbe,Tajikistan,TJK,False,38.5731,68.7864,0.0,0.0,0.0,0.0,0.0,0.0,0.0
Istaravshan,Tajikistan,TJK,False,39.9108,69.0064,0.0,0.0,0.0,0.0,0.0,0.0,0.0
Konibodom,Tajikistan,TJK,False,40.2833,70.4167,0.0,0.0,0.0,0.0,0.0,0.0,0.0
Bologna,Italy,ITA,False,44.4939,11.3428,0.0,0.0,2.0,2.0,0.0,0.0,0.0
Ferrara,Italy,ITA,False,44.8353,11.6199,0.0,0.0,2.0,2.0,0.0,0.0,0.0
Genoa,Italy,ITA,False,44.4072,8.934,0.0,0.0,0.0,0.0,0.0,0.0,0.0
Milan,Italy,ITA,False,45.4669,9.19,0.0,0.0,0.0,0.0,0.0,0.0,0.0
Naples,Italy,ITA,False,40.8333,14.25,0.0,0.0,0.0,0.0,0.0,0.0,0.0
Palermo,Italy,ITA,False,38.1157,13.3613,0.0,0.0,0.0,0.0,0.0,0.0,0.0
Parma,Italy,ITA,False,44.8015,10.328,0.0,0.0,2.0,0.0,0.0,0.0,0.0
Reggio Emilia,Italy,ITA,False,44.7,10.6333,0.0,0.0,2.0,0.0,0.0,0.0,0.0
Rome,Italy,ITA,False,41.8931,12.4828,0.0,0.0,0.0,0.0,0.0,0.0,0.0
Turin,Italy,ITA,False,45.0667,7.7,0.0,0.0,0.0,0.0,0.0,0.0,0.0
Oristano,Italy,ITA,False,39.9062,8.5884,0.0,0.0,2.0,2.0,0.0,0.0,0.0
Roma,Italy,ITA,True,41.9028,12.4964,0.0,2.0,3.0,0.0,0.0,0.0,0.0
Bor,South Sudan,SSD,False,6.2167,31.55,0.0,0.0,0.0,0.0,0.0,0.0,0.0
Gogrial,South Sudan,SSD,False,8.5337,28.1167,0.0,0.0,0.0,0.0,0.0,0.0,0.0
Juba,South Sudan,SSD,False,4.85,31.6,0.0,0.0,0.0,0.0,0.0,0.0,0.0
Malakal,South Sudan,SSD,False,9.5333,31.65,0.0,0.0,0.0,0.0,0.0,0.0,0.0
Wau,South Sudan,SSD,False,7.7,27.9833,0.0,0.0,0.0,0.0,0.0,0.0,0.0
Yei,South Sudan,SSD,False,4.0904,30.68,0.0,0.0,0.0,0.0,0.0,0.0,0.0
Bor,Russian Federation,RUS,False,56.3603,44.0592,0.0,0.0,0.0,0.0,0.0,0.0,0.0
Donetsk,Russian Federation,RUS,False,48.3369,39.9449,0.0,0.0,0.0,0.0,0.0,0.0,0.0
Kazan,Russian Federation,RUS,False,55.7908,49.1144,0.0,0.0,0.0,0.0,0.0,0.0,0.0
Moscow,Russian Federation,RUS,False,55.7558,37.6178,0.0,0.0,0.0,0.0,0.0,0.0,0.0
Nizhniy Novgorod,Russian Federation,RUS,False,56.3269,44.0075,0.0,0.0,0.0,0.0,0.0,0.0,0.0
Novosibirsk,Russian Federation,RUS,False,55.0333,82.9167,0.0,0.0,0.0,0.0,0.0,0.0,0.0
Parma,Russian Federation,RUS,False,65.923,57.403,0.0,0.0,2.0,0.0,0.0,0.0,0.0
Saint Petersburg,Russian Federation,RUS,False,59.95,30.3167,0.0,0.0,0.0,0.0,0.0,0.0,0.0
Yekaterinburg,Russian Federation,RUS,False,56.8356,60.6128,0.0,0.0,0.0,0.0,0.0,0.0,0.0
Bratislava,Slovakia,SVK,False,48.1447,17.1128,0.0,0.0,0.0,0.0,0.0,0.0,0.0
Brazzaville,Congo,COG,False,-4.2667,15.2833,0.0,0.0,0.0,0.0,0.0,0.0,0.0
Dolisie,Congo,COG,False,-4.1961,12.6731,0.0,0.0,0.0,0.0,0.0,0.0,0.0
Kayes,Congo,COG,False,-4.1806,13.2889,0.0,0.0,0.0,0.0,0.0,0.0,0.0
Mossendjo,Congo,COG,False,-2.9458,12.7147,0.0,0.0,0.0,0.0,0.0,0.0,0.0
Owando,Congo,COG,False,-0.4833,15.9,0.0,0.0,0.0,0.0,0.0,0.0,0.0
Pointe-Noire,Congo,COG,False,-4.7889,11.8653,0.0,0.0,0.0,0.0,0.0,0.0,0.0
Brest,Belarus,BLR,False,52.0847,23.6569,0.0,0.0,0.0,0.0,0.0,0.0,0.0
Hrodna,Belarus,BLR,False,53.6667,23.8167,0.0,0.0,0.0,0.0,0.0,0.0,0.0
Mahilyow,Belarus,BLR,False,53.9089,30.343,0.0,0.0,0.0,0.0,0.0,0.0,0.0
Minsk,Belarus,BLR,False,53.9022,27.5618,0.0,0.0,0.0,0.0,0.0,0.0,0.0
Vitsyebsk,Belarus,BLR,False,55.1833,30.1667,0.0,0.0,0.0,0.0,0.0,0.0,0.0
Brest,France,FRA,False,48.39,-4.49,0.0,0.0,0.0,0.0,0.0,0.0,0.0
Grenoble,France,FRA,False,45.1715,5.7224,0.0,0.0,0.0,0.0,0.0,0.0,0.0
Laval,France,FRA,False,48.0733,-0.7689,0.0,0.0,0.0,0.0,1.0,0.0,0.0
Marseille,France,FRA,False,43.2964,5.37,0.0,0.0,0.0,0.0,0.0,0.0,0.0
Nice,France,FRA,False,43.7034,7.2663,0.0,0.0,0.0,0.0,0.0,0.0,0.0
Paris,France,FRA,True,48.8566,2.3522,0.0,0.0,3.0,3.0,0.0,0.0,0.0
Rennes,France,FRA,False,48.1147,-1.6794,0.0,0.0,0.0,0.0,0.0,0.0,0.0
Saint-Denis,France,FRA,False,48.9356,2.3539,0.0,0.0,0.0,0.0,0.0,0.0,0.0
Saint-Louis,France,FRA,False,47.59,7.57,0.0,0.0,0.0,0.0,0.0,0.0,0.0
Toulouse,France,FRA,False,43.6045,1.444,0.0,0.0,0.0,0.0,0.0,0.0,0.0
Bridgetown,Barbados,BRB,False,13.0975,-59.6167,0.0,0.0,0.0,0.0,0.0,0.0,0.0
Brno,Czechia,CZE,False,49.1953,16.6083,0.0,0.0,0.0,0.0,0.0,0.0,0.0
Liberec,Czechia,CZE,False,50.77,15.0584,0.0,0.0,0.0,0.0,0.0,0.0,0.0
Olomouc,Czechia,CZE,False,49.5939,17.2508,0.0,0.0,0.0,0.0,0.0,0.0,0.0
Ostrava,Czechia,CZE,False,49.8356,18.2925,0.0,0.0,0.0,0.0,0.0,0.0,0.0
Prague,Czechia,CZE,False,50.0833,14.4167,0.0,0.0,0.0,0.0,0.0,0.0,0.0
Brokopondo,Suriname,SUR,False,5.0404,-55.02,0.0,0.0,0.0,0.0,0.0,0.0,0.0
Cottica,Suriname,SUR,False,3.8547,-54.2289,0.0,0.0,0.0,0.0,0.0,0.0,0.0
Moengo,Suriname,SUR,False,5.6167,-54.4,0.0,0.0,0.0,0.0,0.0,0.0,0.0
Nieuw Nickerie,Suriname,SUR,False,5.9261,-56.9731,0.0,0.0,0.0,0.0,0.0,0.0,0.0
Paramaribo,Suriname,SUR,False,5.8667,-55.1667,0.0,0.0,0.0,0.0,0.0,0.0,0.0
Tamanredjo,Suriname,SUR,False,5.7667,-55.0,0.0,0.0,0.0,0.0,0.0,0.0,0.0
Budapest,Hungary,HUN,False,47.4983,19.0408,0.0,0.0,0.0,0.0,0.0,0.0,0.0
Debrecen,Hungary,HUN,False,47.53,21.6392,0.0,0.0,0.0,0.0,0.0,0.0,0.0
Miskolc,Hungary,HUN,False,48.1,20.7833,0.0,0.0,0.0,0.0,0.0,0.0,0.0
Szeged,Hungary,HUN,False,46.25,20.1667,0.0,0.0,0.0,0.0,0.0,0.0,0.0
Budva,Montenegro,MNE,False,42.2847,18.8453,0.0,0.0,0.0,0.0,0.0,0.0,0.0
Cetinje,Montenegro,MNE,False,42.3933,18.9219,0.0,0.0,0.0,0.0,0.0,0.0,0.0
Herceg Novi,Montenegro,MNE,False,42.4531,18.5375,0.0,0.0,0.0,0.0,0.0,0.0,0.0
Pljevlja,Montenegro,MNE,False,43.3566,19.3502,0.0,0.0,0.0,0.0,0.0,0.0,0.0
Podgorica,Montenegro,MNE,False,42.4397,19.2661,1.0,2.0,2.0,2.0,0.0,0.0,0.0
Ulcinj,Montenegro,MNE,False,41.9236,19.2056,0.0,0.0,0.0,0.0,0.0,0.0,0.0
Buenos Aires,Argentina,ARG,False,-34.5997,-58.3819,0.0,0.0,0.0,0.0,0.0,0.0,0.0
Córdoba,Argentina,ARG,False,-31.4167,-64.1833,0.0,0.0,1.0,0.0,0.0,0.0,0.0
La Paz,Argentina,ARG,False,-33.4661,-67.55,0.0,0.0,0.0,0.0,0.0,0.0,0.0
Mar del Plata,Argentina,ARG,False,-38.0,-57.55,0.0,0.0,0.0,0.0,0.0,0.0,0.0
Mendoza,Argentina,ARG,False,-32.8833,-68.8333,0.0,2.0,2.0,0.0,0.0,0.0,0.0
Rosario,Argentina,ARG,False,-32.9575,-60.6394,0.0,0.0,0.0,0.0,0.0,0.0,0.0
Salta,Argentina,ARG,False,-24.7883,-65.4106,0.0,0.0,0.0,0.0,0.0,0.0,0.0
San Francisco,Argentina,ARG,True,-31.4356,-62.0714,0.0,0.0,2.0,0.0,0.0,0.0,0.0
San Juan,Argentina,ARG,False,-31.5375,-68.5364,0.0,0.0,0.0,0.0,0.0,0.0,0.0
San Lorenzo,Argentina,ARG,False,-28.12,-58.77,0.0,0.0,0.0,0.0,0.0,0.0,0.0
San Luis,Argentina,ARG,False,-33.2994,-66.3392,0.0,0.0,0.0,0.0,0.0,0.0,0.0
San Pedro,Argentina,ARG,False,-24.2196,-64.87,0.0,0.0,0.0,0.0,0.0,0.0,0.0
Victoria,Argentina,ARG,False,-32.6167,-60.1667,0.0,0.0,0.0,0.0,0.0,0.0,0.0
"General Alvear, Buenos Aires",Argentina,ARG,False,-34.978,-67.6955,0.0,2.0,3.0,3.0,0.0,0.0,0.0
Bujumbura,Burundi,BDI,False,-3.3825,29.3611,0.0,0.0,0.0,0.0,0.0,0.0,0.0
Gitega,Burundi,BDI,False,-3.4264,29.9306,0.0,0.0,0.0,0.0,0.0,0.0,0.0
Kayanza,Burundi,BDI,False,-2.9221,29.6293,0.0,0.0,0.0,0.0,0.0,0.0,0.0
Ngozi,Burundi,BDI,False,-2.9,29.8167,0.0,0.0,0.0,0.0,0.0,0.0,0.0
Rutana,Burundi,BDI,False,-3.931,29.993,0.0,0.0,0.0,0.0,0.0,0.0,0.0
Bulawayo,Zimbabwe,ZWE,False,-20.1667,28.5667,0.0,0.0,0.0,0.0,0.0,0.0,0.0
Chitungwiza,Zimbabwe,ZWE,False,-18.0,31.1,0.0,0.0,0.0,0.0,0.0,0.0,0.0
Gweru,Zimbabwe,ZWE,False,-19.458,29.82,0.0,0.0,0.0,0.0,0.0,0.0,0.0
Harare,Zimbabwe,ZWE,False,-17.8292,31.0522,0.0,2.0,2.0,0.0,0.0,0.0,0.0
Kwekwe,Zimbabwe,ZWE,False,-18.9167,29.9833,0.0,0.0,0.0,0.0,0.0,0.0,0.0
Mutare,Zimbabwe,ZWE,False,-18.9728,32.6694,0.0,0.0,0.0,0.0,0.0,0.0,0.0
Burgas,Bulgaria,BGR,False,42.5,27.4667,0.0,0.0,0.0,0.0,0.0,0.0,0.0
Plovdiv,Bulgaria,BGR,False,42.1433,24.7489,0.0,0.0,0.0,0.0,0.0,0.0,0.0
Ruse,Bulgaria,BGR,False,43.8475,25.9544,0.0,0.0,0.0,0.0,0.0,0.0,0.0
Sofia,Bulgaria,BGR,False,42.6975,23.3241,0.0,0.0,0.0,0.0,0.0,0.0,0.0
Stara Zagora,Bulgaria,BGR,False,42.4247,25.6256,0.0,0.0,0.0,0.0,0.0,0.0,0.0
Varna,Bulgaria,BGR,False,43.2078,27.9169,0.0,0.0,0.0,0.0,0.0,0.0,0.0
Busan,Republic of Korea,KOR,False,35.1,129.0403,0.0,0.0,0.0,0.0,0.0,0.0,0.0
Changwon,Republic of Korea,KOR,True,35.2281,128.6811,0.0,0.0,2.0,0.0,0.0,0.0,0.0
Daegu,Republic of Korea,KOR,False,35.8667,128.6,0.0,0.0,0.0,0.0,0.0,0.0,0.0
Daejeon,Republic of Korea,KOR,False,36.351,127.385,0.0,0.0,0.0,0.0,0.0,0.0,0.0
Gwangju,Republic of Korea,KOR,False,35.1667,126.9167,0.0,0.0,0.0,0.0,0.0,0.0,0.0
Incheon,Republic of Korea,KOR,False,37.4639,126.6486,0.0,0.0,0.0,0.0,0.0,0.0,0.0
Seoul,Republic of Korea,KOR,False,37.5833,127.0,0.0,0.0,0.0,0.0,0.0,0.0,0.0
Suwon,Republic of Korea,KOR,False,37.2858,127.01,0.0,0.0,2.0,0.0,0.0,0.0,0.0
Butare,Rwanda,RWA,False,-2.6,29.75,0.0,0.0,0.0,0.0,0.0,0.0,0.0
Gisenyi,Rwanda,RWA,False,-1.6928,29.25,0.0,0.0,0.0,0.0,0.0,0.0,0.0
Gitarama,Rwanda,RWA,False,-2.0696,29.76,0.0,0.0,0.0,0.0,0.0,0.0,0.0
Kigali,Rwanda,RWA,False,-1.9536,30.0606,0.0,0.0,0.0,0.0,0.0,0.0,0.0
Nyanza,Rwanda,RWA,False,-2.3496,29.74,0.0,0.0,0.0,0.0,0.0,0.0,0.0
Ruhengeri,Rwanda,RWA,False,-1.4944,29.6417,0.0,0.0,0.0,0.0,0.0,0.0,0.0
Butterworth,Malaysia,MYS,False,5.3942,100.3664,0.0,0.0,0.0,0.0,0.0,0.0,0.0
George Town,Malaysia,MYS,False,5.4145,100.3292,0.0,0.0,0.0,0.0,0.0,0.0,0.0
Ipoh,Malaysia,MYS,False,4.6,101.07,0.0,0.0,0.0,0.0,0.0,0.0,0.0
Klang,Malaysia,MYS,False,3.0333,101.45,0.0,0.0,0.0,0.0,0.0,0.0,0.0
Kuala Lumpur,Malaysia,MYS,False,3.1478,101.6953,0.0,0.0,0.0,0.0,0.0,0.0,0.0
Petaling Jaya,Malaysia,MYS,False,3.1073,101.6067,0.0,0.0,0.0,0.0,0.0,0.0,0.0
Iskandar,Malaysia,MYS,False,5.71447,100.992,0.0,0.0,2.0,0.0,0.0,0.0,0.0
Cap Malheureux,Mauritius,MUS,False,-19.9861,57.6119,0.0,0.0,0.0,0.0,0.0,0.0,0.0
Centre de Flacq,Mauritius,MUS,False,-20.2002,57.7177,0.0,0.0,0.0,0.0,0.0,0.0,0.0
Curepipe,Mauritius,MUS,False,-20.3162,57.5166,0.0,0.0,0.0,0.0,0.0,0.0,0.0
Port Louis,Mauritius,MUS,False,-20.1667,57.5,0.0,0.0,0.0,0.0,0.0,0.0,0.0
Port Mathurin,Mauritius,MUS,False,-19.6833,63.4211,0.0,0.0,0.0,0.0,0.0,0.0,0.0
Quartier Militaire,Mauritius,MUS,False,-20.25,57.55,0.0,0.0,0.0,0.0,0.0,0.0,0.0
Carrefour,Haiti,HTI,False,18.5333,-72.4,0.0,0.0,0.0,0.0,0.0,0.0,0.0
Delmas,Haiti,HTI,False,18.55,-72.3,0.0,0.0,0.0,0.0,0.0,0.0,0.0
Port-au-Prince,Haiti,HTI,False,18.5425,-72.3386,0.0,0.0,0.0,0.0,0.0,0.0,0.0
Casablanca,Morocco,MAR,False,33.5992,-7.62,0.0,0.0,2.0,0.0,0.0,0.0,0.0
Marrakech,Morocco,MAR,False,31.6295,-7.9811,0.0,0.0,0.0,0.0,0.0,0.0,0.0
Rabat,Morocco,MAR,False,34.0253,-6.8361,0.0,0.0,0.0,0.0,0.0,0.0,0.0
Sale,Morocco,MAR,False,34.05,-6.8167,0.0,0.0,0.0,0.0,0.0,0.0,0.0
Tangier,Morocco,MAR,False,35.7847,-5.8125,0.0,0.0,0.0,0.0,0.0,0.0,0.0
Castries,Saint Lucia,LCA,False,14.0167,-60.9833,0.0,0.0,0.0,0.0,0.0,0.0,0.0
Gros Islet,Saint Lucia,LCA,False,14.081,-60.953,0.0,0.0,0.0,0.0,0.0,0.0,0.0
Celje,Slovenia,SVN,False,46.2291,15.2641,0.0,0.0,0.0,0.0,0.0,0.0,0.0
Koper,Slovenia,SVN,False,45.5475,13.7307,0.0,0.0,0.0,0.0,0.0,0.0,0.0
Kranj,Slovenia,SVN,False,46.2389,14.3556,0.0,0.0,0.0,0.0,0.0,0.0,0.0
Ljubljana,Slovenia,SVN,False,46.05,14.5167,0.0,0.0,0.0,0.0,0.0,0.0,0.0
Maribor,Slovenia,SVN,False,46.55,15.6333,0.0,0.0,0.0,0.0,0.0,0.0,0.0
Velenje,Slovenia,SVN,False,46.3667,15.1167,0.0,0.0,0.0,0.0,0.0,0.0,0.0
Chaguanas,Trinidad and Tobago,TTO,False,10.5144,-61.4075,0.0,0.0,0.0,0.0,0.0,0.0,0.0
Couva,Trinidad and Tobago,TTO,False,10.4167,-61.45,0.0,0.0,0.0,0.0,0.0,0.0,0.0
Laventille,Trinidad and Tobago,TTO,False,10.65,-61.4833,0.0,0.0,0.0,0.0,0.0,0.0,0.0
Port of Spain,Trinidad and Tobago,TTO,False,10.6667,-61.5167,0.0,0.0,0.0,0.0,0.0,0.0,0.0
San Fernando,Trinidad and Tobago,TTO,False,10.2833,-61.4667,0.0,0.0,0.0,0.0,0.0,0.0,0.0
San Juan,Trinidad and Tobago,TTO,False,10.65,-61.45,0.0,0.0,0.0,0.0,0.0,0.0,0.0
Tunapuna,Trinidad and Tobago,TTO,False,10.6333,-61.3833,0.0,0.0,0.0,0.0,0.0,0.0,0.0
Chattogram,Bangladesh,BGD,False,22.335,91.8325,0.0,0.0,0.0,0.0,0.0,0.0,0.0
Comilla,Bangladesh,BGD,False,23.4704,91.17,0.0,0.0,0.0,0.0,0.0,0.0,0.0
Dhaka,Bangladesh,BGD,True,23.7161,90.3961,0.0,2.0,2.0,2.0,0.0,0.0,0.0
Khulna,Bangladesh,BGD,False,22.8167,89.55,0.0,0.0,0.0,0.0,0.0,0.0,0.0
Sylhet,Bangladesh,BGD,False,24.9,91.8667,0.0,0.0,0.0,0.0,0.0,0.0,0.0
Choybalsan,Mongolia,MNG,False,48.0706,114.5228,0.0,0.0,0.0,0.0,0.0,0.0,0.0
Darhan,Mongolia,MNG,False,49.4689,105.9575,0.0,0.0,0.0,0.0,0.0,0.0,0.0
Erdenet,Mongolia,MNG,False,49.0278,104.0444,0.0,0.0,0.0,0.0,0.0,0.0,0.0
Ulaanbaatar,Mongolia,MNG,False,47.9203,106.9172,0.0,0.0,0.0,0.0,0.0,0.0,0.0
Ciudad de la Costa,Uruguay,URY,False,-34.8167,-55.95,0.0,0.0,0.0,0.0,0.0,0.0,0.0
Montevideo,Uruguay,URY,False,-34.8667,-56.1667,0.0,0.0,0.0,0.0,0.0,0.0,0.0
Punta del Este,Uruguay,URY,False,-34.97,-54.95,0.0,0.0,0.0,0.0,0.0,0.0,0.0
Rivera,Uruguay,URY,False,-30.9025,-55.5506,0.0,0.0,0.0,0.0,0.0,0.0,0.0
Rosario,Uruguay,URY,False,-34.3139,-57.3525,0.0,0.0,0.0,0.0,0.0,0.0,0.0
Salto,Uruguay,URY,False,-31.3883,-57.9606,0.0,0.0,0.0,0.0,0.0,0.0,0.0
Cochabamba,Bolivia (Plurinational State of),BOL,False,-17.3935,-66.157,0.0,0.0,0.0,0.0,0.0,0.0,0.0
La Paz,Bolivia (Plurinational State of),BOL,False,-16.4942,-68.1475,0.0,0.0,0.0,0.0,0.0,0.0,0.0
Oruro,Bolivia (Plurinational State of),BOL,False,-17.9667,-67.1167,0.0,0.0,0.0,0.0,0.0,0.0,0.0
San Lorenzo,Bolivia (Plurinational State of),BOL,False,-21.4799,-64.77,0.0,0.0,0.0,0.0,0.0,0.0,0.0
Santa Cruz,Bolivia (Plurinational State of),BOL,False,-17.7892,-63.1975,0.0,0.0,2.0,0.0,0.0,0.0,0.0
Sucre,Bolivia (Plurinational State of),BOL,False,-19.0431,-65.2592,0.0,0.0,0.0,0.0,0.0,0.0,0.0
Conakry,Guinea,GIN,False,9.5092,-13.7122,0.0,0.0,0.0,0.0,0.0,0.0,0.0
Kankan,Guinea,GIN,False,10.39,-9.31,0.0,0.0,0.0,0.0,0.0,0.0,0.0
Kindia,Guinea,GIN,False,10.06,-12.87,0.0,0.0,0.0,0.0,0.0,0.0,0.0
Cork,Ireland,IRL,False,51.9,-8.4731,0.0,0.0,0.0,0.0,0.0,0.0,0.0
Drogheda,Ireland,IRL,False,53.7139,-6.3503,0.0,0.0,0.0,0.0,0.0,0.0,0.0
Dublin,Ireland,IRL,False,53.3425,-6.2658,0.0,0.0,0.0,0.0,0.0,0.0,0.0
Galway,Ireland,IRL,False,53.2729,-9.0418,0.0,0.0,0.0,0.0,0.0,0.0,0.0
Limerick,Ireland,IRL,False,52.6653,-8.6238,0.0,0.0,0.0,0.0,0.0,0.0,0.0
Waterford,Ireland,IRL,False,52.2583,-7.119,0.0,0.0,0.0,0.0,0.0,0.0,0.0
Cotonou,Benin,BEN,False,6.4,2.52,0.0,0.0,0.0,0.0,0.0,0.0,0.0
Djougou,Benin,BEN,False,9.7004,1.68,0.0,0.0,0.0,0.0,0.0,0.0,0.0
Kandi,Benin,BEN,False,11.1304,2.94,0.0,0.0,0.0,0.0,0.0,0.0,0.0
Lokossa,Benin,BEN,False,6.615,1.715,0.0,0.0,0.0,0.0,0.0,0.0,0.0
Parakou,Benin,BEN,False,9.34,2.62,0.0,0.0,0.0,0.0,0.0,0.0,0.0
Porto-Novo,Benin,BEN,False,6.4833,2.6167,0.0,0.0,0.0,0.0,0.0,0.0,0.0
Cuenca,Ecuador,ECU,False,-2.8974,-79.0045,0.0,0.0,3.0,0.0,0.0,0.0,0.0
Guayaquil,Ecuador,ECU,False,-2.1833,-79.8833,0.0,0.0,2.0,0.0,0.0,0.0,0.0
Machala,Ecuador,ECU,False,-3.2667,-79.9667,0.0,0.0,0.0,0.0,0.0,0.0,0.0
Manta,Ecuador,ECU,False,-0.95,-80.7162,0.0,0.0,0.0,0.0,0.0,0.0,0.0
Quito,Ecuador,ECU,True,-0.2186,-78.5097,0.0,0.0,2.0,0.0,0.0,0.0,0.0
Santa Cruz,Ecuador,ECU,False,-0.6394,-90.3372,0.0,0.0,2.0,0.0,0.0,0.0,0.0
Santo Domingo de los Colorados,Ecuador,ECU,False,-0.2542,-79.1719,0.0,0.0,0.0,0.0,0.0,0.0,0.0
Valencia,Ecuador,ECU,False,-0.9525,-79.3531,0.0,0.0,0.0,0.0,0.0,0.0,0.0
Dakar,Senegal,SEN,False,14.7319,-17.4572,0.0,0.0,0.0,0.0,0.0,0.0,0.0
Kaolack,Senegal,SEN,False,14.152,-16.0726,0.0,0.0,0.0,0.0,0.0,0.0,0.0
Rufisque,Senegal,SEN,False,14.7167,-17.2667,0.0,0.0,0.0,0.0,0.0,0.0,0.0
Saint-Louis,Senegal,SEN,False,16.0333,-16.5,0.0,0.0,0.0,0.0,0.0,0.0,0.0
Ziguinchor,Senegal,SEN,False,12.5833,-16.2667,0.0,0.0,0.0,0.0,0.0,0.0,0.0
Daugavpils,Latvia,LVA,False,55.8714,26.5161,0.0,0.0,0.0,0.0,0.0,0.0,0.0
Jelgava,Latvia,LVA,False,56.6522,23.7244,0.0,0.0,0.0,0.0,0.0,0.0,0.0
Riga,Latvia,LVA,False,56.9475,24.1069,1.0,2.0,0.0,1.0,0.0,0.0,2.0
Ventspils,Latvia,LVA,False,57.3897,21.5644,0.0,0.0,0.0,0.0,0.0,0.0,0.0
Diekirch,Luxembourg,LUX,False,49.8678,6.1558,0.0,0.0,0.0,0.0,0.0,0.0,0.0
Echternach,Luxembourg,LUX,False,49.8117,6.4217,0.0,0.0,0.0,0.0,0.0,0.0,0.0
Esch-sur-Alzette,Luxembourg,LUX,False,49.4969,5.9806,0.0,0.0,0.0,0.0,0.0,0.0,0.0
Luxembourg,Luxembourg,LUX,False,49.6106,6.1328,0.0,0.0,0.0,0.0,0.0,0.0,0.0
Rumelange,Luxembourg,LUX,False,49.4597,6.0306,0.0,0.0,0.0,0.0,0.0,0.0,0.0
Steinfort,Luxembourg,LUX,False,49.66,5.9156,0.0,0.0,0.0,0.0,0.0,0.0,0.0
Dnipro,Ukraine,UKR,False,48.45,34.9833,0.0,0.0,0.0,0.0,0.0,0.0,0.0
Donetsk,Ukraine,UKR,False,48.0089,37.8042,0.0,0.0,0.0,0.0,0.0,0.0,0.0
Kharkiv,Ukraine,UKR,False,50.0,36.2292,0.0,0.0,0.0,0.0,0.0,0.0,0.0
Kyiv,Ukraine,UKR,False,50.45,30.5236,0.0,0.0,0.0,0.0,0.0,0.0,0.0
Odesa,Ukraine,UKR,False,46.4775,30.7326,0.0,0.0,0.0,0.0,0.0,0.0,0.0
Zaporizhzhia,Ukraine,UKR,False,47.8378,35.1383,0.0,0.0,0.0,0.0,0.0,0.0,0.0
Doha,Qatar,QAT,False,25.3,51.5333,0.0,0.0,0.0,0.0,0.0,0.0,0.0
El Obeid,Sudan,SDN,False,13.1833,30.2167,0.0,0.0,0.0,0.0,0.0,0.0,0.0
Kassala,Sudan,SDN,False,15.45,36.4,0.0,0.0,0.0,0.0,0.0,0.0,0.0
Khartoum,Sudan,SDN,False,15.6031,32.5265,0.0,0.0,0.0,0.0,0.0,0.0,0.0
Khartoum North,Sudan,SDN,False,15.6333,32.6333,0.0,0.0,0.0,0.0,0.0,0.0,0.0
Omdurman,Sudan,SDN,False,15.6835,32.4629,0.0,0.0,0.0,0.0,0.0,0.0,0.0
Port Sudan,Sudan,SDN,False,19.6158,37.2164,0.0,0.0,0.0,0.0,0.0,0.0,0.0
Eldoret,Kenya,KEN,False,0.5167,35.2833,0.0,0.0,0.0,0.0,0.0,0.0,0.0
Kisumu,Kenya,KEN,False,-0.1,34.75,0.0,0.0,0.0,3.0,2.0,0.0,0.0
Meru,Kenya,KEN,False,0.05,37.65,0.0,0.0,0.0,0.0,0.0,0.0,0.0
Mombasa,Kenya,KEN,False,-4.05,39.6667,0.0,0.0,0.0,0.0,0.0,0.0,0.0
Nairobi,Kenya,KEN,True,-1.2864,36.8172,0.0,0.0,2.0,2.0,0.0,0.0,0.0
Nakuru,Kenya,KEN,False,-0.2833,36.0667,0.0,2.0,2.0,2.0,3.0,0.0,0.0
Escuintla,Guatemala,GTM,False,14.305,-90.785,0.0,0.0,0.0,0.0,0.0,0.0,0.0
Guatemala City,Guatemala,GTM,False,14.6099,-90.5252,0.0,0.0,0.0,0.0,0.0,0.0,0.0
Jalapa,Guatemala,GTM,False,14.6379,-89.9904,0.0,0.0,0.0,0.0,0.0,0.0,0.0
Puerto Barrios,Guatemala,GTM,False,15.73,-88.6,0.0,0.0,1.0,1.0,0.0,0.0,0.0
Quetzaltenango,Guatemala,GTM,False,14.8333,-91.5167,0.0,0.0,0.0,0.0,0.0,0.0,0.0
San Luis,Guatemala,GTM,False,16.2,-89.44,0.0,0.0,0.0,0.0,0.0,0.0,0.0
Espoo,Finland,FIN,False,60.21,24.66,0.0,0.0,0.0,0.0,0.0,0.0,0.0
Helsinki,Finland,FIN,False,60.1756,24.9342,0.0,0.0,0.0,0.0,0.0,0.0,0.0
Lahti,Finland,FIN,False,60.9833,25.6556,0.0,2.0,2.0,2.0,0.0,0.0,0.0
Oulu,Finland,FIN,False,65.0142,25.4719,0.0,0.0,0.0,0.0,0.0,0.0,0.0
Tampere,Finland,FIN,False,61.4981,23.7608,0.0,0.0,0.0,0.0,0.0,0.0,0.0
Turku,Finland,FIN,False,60.4517,22.27,0.0,0.0,0.0,0.0,0.0,0.0,0.0
Vantaa,Finland,FIN,False,60.3,25.0333,0.0,0.0,0.0,0.0,0.0,0.0,0.0
Faisalabad,Pakistan,PAK,False,31.418,73.079,0.0,0.0,0.0,0.0,0.0,0.0,0.0
Karachi,Pakistan,PAK,True,24.86,67.01,0.0,0.0,3.0,0.0,0.0,0.0,0.0
Lahore,Pakistan,PAK,False,31.5497,74.3436,0.0,0.0,0.0,0.0,0.0,0.0,0.0
Peshawar,Pakistan,PAK,False,34.0,71.5,0.0,0.0,0.0,0.0,0.0,0.0,0.0
Rawalpindi,Pakistan,PAK,False,33.6007,73.0679,0.0,0.0,0.0,0.0,0.0,0.0,0.0
Sialkot City,Pakistan,PAK,False,32.5,74.5333,0.0,0.0,0.0,0.0,0.0,0.0,0.0
Famagusta,Cyprus,CYP,False,35.1167,33.95,0.0,0.0,0.0,0.0,0.0,0.0,0.0
Kyrenia,Cyprus,CYP,False,35.3403,33.3192,0.0,0.0,0.0,0.0,0.0,0.0,0.0
Larnaca,Cyprus,CYP,False,34.9233,33.6305,0.0,0.0,0.0,0.0,0.0,0.0,0.0
Limassol,Cyprus,CYP,False,34.675,33.0443,0.0,0.0,0.0,0.0,0.0,0.0,0.0
Nicosia,Cyprus,CYP,False,35.1725,33.365,0.0,0.0,0.0,0.0,0.0,0.0,0.0
Paphos,Cyprus,CYP,False,34.7761,32.4265,0.0,0.0,0.0,0.0,0.0,0.0,0.0
Fier,Albania,ALB,False,40.7167,19.55,0.0,0.0,0.0,0.0,0.0,0.0,0.0
Tirana,Albania,ALB,False,41.33,19.82,0.0,0.0,0.0,0.0,0.0,0.0,0.0
Franceville,Gabon,GAB,False,-1.6333,13.5833,0.0,0.0,0.0,0.0,0.0,0.0,0.0
Libreville,Gabon,GAB,False,0.3901,9.4544,0.0,0.0,0.0,0.0,0.0,0.0,0.0
Moanda,Gabon,GAB,False,-1.5655,13.2,0.0,0.0,0.0,0.0,0.0,0.0,0.0
Oyem,Gabon,GAB,False,1.6,11.5667,0.0,0.0,0.0,0.0,0.0,0.0,0.0
Port-Gentil,Gabon,GAB,False,-0.7167,8.7833,0.0,0.0,0.0,0.0,0.0,0.0,0.0
Francistown,Botswana,BWA,False,-21.1736,27.5125,0.0,0.0,0.0,0.0,0.0,0.0,0.0
Gaborone,Botswana,BWA,False,-24.6569,25.9086,0.0,0.0,0.0,0.0,0.0,0.0,0.0
Mahalapye,Botswana,BWA,False,-23.1041,26.8142,0.0,0.0,0.0,0.0,0.0,0.0,0.0
Maun,Botswana,BWA,False,-19.9833,23.4167,0.0,0.0,0.0,0.0,0.0,0.0,0.0
Molepolole,Botswana,BWA,False,-24.4066,25.4951,0.0,0.0,0.0,0.0,0.0,0.0,0.0
Selibe Phikwe,Botswana,BWA,False,-21.9667,27.9167,0.0,0.0,0.0,0.0,0.0,0.0,0.0
Freeport City,Bahamas,BHS,False,26.5333,-78.7,0.0,0.0,0.0,0.0,0.0,0.0,0.0
Marsh Harbour,Bahamas,BHS,False,26.4,-77.17,0.0,0.0,0.0,0.0,0.0,0.0,0.0
Nassau,Bahamas,BHS,False,25.0667,-77.3333,0.0,0.0,0.0,0.0,0.0,0.0,0.0
Fukuoka,Japan,JPN,False,33.5903,130.4019,0.0,0.0,0.0,0.0,0.0,0.0,0.0
Kasama,Japan,JPN,False,36.345,140.3042,0.0,0.0,0.0,0.0,0.0,0.0,0.0
Nagoya,Japan,JPN,False,35.1167,136.9333,0.0,2.0,0.0,2.0,0.0,0.0,0.0
Sapporo,Japan,JPN,False,43.0621,141.3544,0.0,0.0,0.0,0.0,0.0,0.0,0.0
Tokyo,Japan,JPN,True,35.6897,139.6922,0.0,2.0,2.0,2.0,0.0,0.0,0.0
Yao,Japan,JPN,False,34.6269,135.6008,0.0,0.0,0.0,0.0,0.0,0.0,0.0
Yokohama,Japan,JPN,True,35.4333,139.6333,0.0,0.0,2.0,0.0,0.0,0.0,0.0
Funafuti,Tuvalu,TUV,False,-8.5167,179.2167,0.0,0.0,0.0,0.0,0.0,0.0,0.0
Gbarnga,Liberia,LBR,False,7.0104,-9.49,0.0,0.0,0.0,0.0,0.0,0.0,0.0
Harper,Liberia,LBR,False,4.3754,-7.717,0.0,0.0,0.0,0.0,0.0,0.0,0.0
Kakata,Liberia,LBR,False,6.53,-10.3517,0.0,0.0,0.0,0.0,0.0,0.0,0.0
Monrovia,Liberia,LBR,False,6.3106,-10.8047,0.0,0.0,0.0,0.0,0.0,0.0,0.0
Upper Buchanan,Liberia,LBR,False,5.9161,-10.0525,0.0,0.0,0.0,0.0,0.0,0.0,0.0
Voinjama,Liberia,LBR,False,8.4167,-9.75,0.0,0.0,0.0,0.0,0.0,0.0,0.0
Gizo,Solomon Islands,SLB,False,-8.1,156.85,0.0,0.0,0.0,0.0,0.0,0.0,0.0
Honiara,Solomon Islands,SLB,False,-9.4333,159.95,0.0,0.0,0.0,0.0,0.0,0.0,0.0
Lata,Solomon Islands,SLB,False,-10.738,165.8567,0.0,0.0,0.0,0.0,0.0,0.0,0.0
Gothenburg,Sweden,SWE,False,57.6717,11.981,0.0,0.0,0.0,0.0,0.0,0.0,0.0
Stockholm,Sweden,SWE,True,59.3294,18.0686,0.0,0.0,2.0,1.0,0.0,0.0,0.0
Uppsala,Sweden,SWE,False,59.8498,17.6389,0.0,0.0,0.0,0.0,0.0,0.0,0.0
Örebro,Sweden,SWE,False,59.2669,15.1965,0.0,0.0,1.0,0.0,0.0,0.0,0.0
Graz,Austria,AUT,False,47.0667,15.4333,0.0,0.0,0.0,0.0,0.0,0.0,0.0
Innsbruck,Austria,AUT,False,47.2683,11.3933,0.0,0.0,0.0,0.0,0.0,0.0,0.0
Klagenfurt,Austria,AUT,False,46.6167,14.3,0.0,0.0,0.0,0.0,0.0,0.0,0.0
Linz,Austria,AUT,False,48.3,14.2833,0.0,0.0,0.0,0.0,0.0,0.0,0.0
Salzburg,Austria,AUT,False,47.7972,13.0477,0.0,0.0,0.0,0.0,0.0,0.0,0.0
Vienna,Austria,AUT,False,48.2083,16.3731,0.0,0.0,0.0,0.0,0.0,0.0,0.0
Haiphong,Viet Nam,VNM,False,20.8,106.6667,0.0,0.0,0.0,0.0,0.0,0.0,0.0
Hanoi,Viet Nam,VNM,False,21.0245,105.8412,0.0,0.0,0.0,0.0,0.0,0.0,0.0
Ho Chi Minh City,Viet Nam,VNM,True,10.8167,106.6333,1.0,1.0,0.0,2.0,1.0,0.0,0.0
Half Way Tree,Jamaica,JAM,False,18.0106,-76.7975,0.0,0.0,0.0,0.0,0.0,0.0,0.0
Kingston,Jamaica,JAM,False,17.9714,-76.7931,0.0,0.0,0.0,0.0,0.0,0.0,0.0
May Pen,Jamaica,JAM,False,17.95,-77.25,0.0,0.0,0.0,0.0,0.0,0.0,0.0
Montego Bay,Jamaica,JAM,False,18.4667,-77.9167,0.0,0.0,0.0,0.0,0.0,0.0,0.0
Portmore,Jamaica,JAM,False,17.9667,-76.8667,0.0,0.0,0.0,0.0,0.0,0.0,0.0
Spanish Town,Jamaica,JAM,False,17.9961,-76.9547,0.0,0.0,0.0,0.0,0.0,0.0,0.0
Jeddah,Saudi Arabia,SAU,False,21.5428,39.1728,0.0,0.0,0.0,0.0,0.0,0.0,0.0
Mecca,Saudi Arabia,SAU,False,21.4225,39.8261,0.0,0.0,0.0,0.0,0.0,0.0,0.0
Medina,Saudi Arabia,SAU,False,24.4667,39.6,0.0,0.0,0.0,0.0,0.0,0.0,0.0
Riyadh,Saudi Arabia,SAU,False,24.65,46.71,0.0,0.0,0.0,0.0,0.0,0.0,0.0
Kabul,Afghanistan,AFG,False,34.5328,69.1658,0.0,0.0,0.0,0.0,0.0,0.0,0.0
Kunduz,Afghanistan,AFG,False,36.728,68.8725,0.0,0.0,0.0,0.0,0.0,0.0,0.0
Kairouan,Tunisia,TUN,False,35.6804,10.1,0.0,0.0,0.0,0.0,0.0,0.0,0.0
Sfax,Tunisia,TUN,False,34.75,10.72,0.0,0.0,0.0,0.0,0.0,0.0,0.0
Sousse,Tunisia,TUN,False,35.83,10.625,0.0,0.0,0.0,0.0,0.0,0.0,0.0
Tunis,Tunisia,TUN,False,36.8008,10.18,0.0,0.0,0.0,0.0,0.0,0.0,0.0
Zarzis,Tunisia,TUN,False,33.5104,11.1,0.0,0.0,0.0,0.0,0.0,0.0,0.0
Kananga,Democratic Republic of the Congo,COD,False,-5.897,22.4488,0.0,0.0,0.0,0.0,0.0,0.0,0.0
Kikwit,Democratic Republic of the Congo,COD,False,-5.0333,18.8167,0.0,0.0,0.0,0.0,0.0,0.0,0.0
Kinshasa,Democratic Republic of the Congo,COD,False,-4.3317,15.3139,0.0,0.0,0.0,0.0,0.0,0.0,0.0
Kisangani,Democratic Republic of the Congo,COD,False,0.5153,25.1911,0.0,0.0,0.0,0.0,0.0,0.0,0.0
Lubumbashi,Democratic Republic of the Congo,COD,False,-11.6697,27.4581,0.0,0.0,0.0,0.0,0.0,0.0,0.0
Mbuji-Mayi,Democratic Republic of the Congo,COD,False,-6.1209,23.5967,0.0,0.0,0.0,0.0,0.0,0.0,0.0
Moanda,Democratic Republic of the Congo,COD,False,-5.9229,12.355,0.0,0.0,0.0,0.0,0.0,0.0,0.0
Karaj,Iran (Islamic Republic of),IRN,False,35.8327,50.9915,0.0,0.0,0.0,0.0,0.0,0.0,0.0
Mashhad,Iran (Islamic Republic of),IRN,False,36.3069,59.6042,0.0,0.0,0.0,0.0,0.0,0.0,0.0
Tehran,Iran (Islamic Republic of),IRN,False,35.7,51.4167,0.0,0.0,0.0,0.0,0.0,0.0,0.0
Kasama,Zambia,ZMB,False,-10.1996,31.1799,0.0,0.0,0.0,0.0,0.0,0.0,0.0
Kashikishi,Zambia,ZMB,False,-9.3172,28.7331,0.0,0.0,0.0,0.0,0.0,0.0,0.0
Kitwe,Zambia,ZMB,False,-12.8208,28.2119,0.0,0.0,0.0,0.0,0.0,0.0,0.0
Lusaka,Zambia,ZMB,False,-15.4167,28.2833,0.0,0.0,0.0,0.0,0.0,0.0,0.0
Mazabuka,Zambia,ZMB,False,-15.86,27.76,0.0,0.0,2.0,2.0,0.0,0.0,0.0
Nchelenge,Zambia,ZMB,False,-9.3467,28.7344,0.0,0.0,0.0,0.0,0.0,0.0,0.0
Ndola,Zambia,ZMB,False,-12.9683,28.6337,0.0,0.0,0.0,0.0,0.0,0.0,0.0
Katima Mulilo,Namibia,NAM,False,-17.5039,24.275,0.0,0.0,0.0,0.0,0.0,0.0,0.0
Otjiwarongo,Namibia,NAM,False,-20.4642,16.6528,0.0,0.0,0.0,0.0,0.0,0.0,0.0
Rundu,Namibia,NAM,False,-17.9167,19.7667,0.0,0.0,0.0,0.0,0.0,0.0,0.0
Swakopmund,Namibia,NAM,False,-22.6667,14.5333,0.0,0.0,0.0,0.0,0.0,0.0,0.0
Walvisbaai,Namibia,NAM,False,-22.9494,14.5069,0.0,0.0,0.0,0.0,0.0,0.0,0.0
Windhoek,Namibia,NAM,False,-22.57,17.0836,0.0,0.0,2.0,0.0,0.0,0.0,0.0
Kelo,Chad,TCD,False,9.3171,15.8,0.0,0.0,0.0,0.0,0.0,0.0,0.0
Moundou,Chad,TCD,False,8.5667,16.0833,0.0,0.0,0.0,0.0,0.0,0.0,0.0
Sarh,Chad,TCD,False,9.15,18.3833,0.0,0.0,0.0,0.0,0.0,0.0,0.0
Yao,Chad,TCD,False,12.8508,17.5608,0.0,0.0,0.0,0.0,0.0,0.0,0.0
Kiffa,Mauritania,MRT,False,16.6164,-11.4044,0.0,0.0,0.0,0.0,0.0,0.0,0.0
Nouadhibou,Mauritania,MRT,False,20.95,-17.0333,0.0,0.0,0.0,0.0,0.0,0.0,0.0
Nouakchott,Mauritania,MRT,False,18.0783,-15.9744,0.0,0.0,0.0,0.0,0.0,0.0,0.0
Rosso,Mauritania,MRT,False,16.5128,-15.805,0.0,0.0,0.0,0.0,0.0,0.0,0.0
Zouerate,Mauritania,MRT,False,22.7344,-12.4725,0.0,0.0,0.0,0.0,0.0,0.0,0.0
Kingstown,Saint Vincent and the Grenadines,VCT,False,13.1667,-61.2333,0.0,0.0,0.0,0.0,0.0,0.0,0.0
Koror,Palau,PLW,False,7.3433,134.4804,0.0,0.0,0.0,0.0,0.0,0.0,0.0
Melekeok,Palau,PLW,False,7.4874,134.6265,0.0,0.0,0.0,0.0,0.0,0.0,0.0
Kuwait City,Kuwait,KWT,False,29.375,47.98,0.0,0.0,0.0,0.0,0.0,0.0,0.0
La Paz,Honduras,HND,False,14.3169,-87.6831,0.0,0.0,0.0,0.0,0.0,0.0,0.0
San Lorenzo,Honduras,HND,False,13.3667,-87.2667,0.0,0.0,0.0,0.0,0.0,0.0,0.0
San Pedro Sula,Honduras,HND,False,15.5,-88.0333,0.0,0.0,0.0,0.0,0.0,0.0,0.0
Tegucigalpa,Honduras,HND,False,14.0942,-87.2067,2.0,0.0,0.0,0.0,0.0,0.0,0.0
Tegucigalpita,Honduras,HND,False,15.78,-86.7878,0.0,0.0,0.0,0.0,0.0,0.0,0.0
Trujillo,Honduras,HND,False,15.9167,-86.0,0.0,0.0,0.0,0.0,0.0,0.0,0.0
Villanueva,Honduras,HND,False,15.3167,-88.0167,0.0,0.0,0.0,0.0,0.0,0.0,0.0
La Romana,Dominican Republic,DOM,False,18.417,-68.9666,0.0,0.0,0.0,0.0,0.0,0.0,0.0
La Vega,Dominican Republic,DOM,False,19.2242,-70.5283,0.0,0.0,0.0,0.0,0.0,0.0,0.0
San Juan,Dominican Republic,DOM,False,18.807,-71.229,0.0,0.0,0.0,0.0,0.0,0.0,0.0
Santiago,Dominican Republic,DOM,False,19.5,-70.67,0.0,0.0,2.0,2.0,0.0,0.0,0.0
Santo Domingo,Dominican Republic,DOM,False,18.4764,-69.8933,0.0,0.0,0.0,0.0,0.0,0.0,0.0
Lakatoro,Vanuatu,VUT,False,-16.1069,167.4208,0.0,0.0,0.0,0.0,0.0,0.0,0.0
Luganville,Vanuatu,VUT,False,-15.5126,167.1766,0.0,0.0,0.0,0.0,0.0,0.0,0.0
Port-Vila,Vanuatu,VUT,False,-17.75,168.3,0.0,0.0,0.0,0.0,0.0,0.0,0.0
Leribe,Lesotho,LSO,False,-28.8734,28.0416,0.0,0.0,0.0,0.0,0.0,0.0,0.0
Mafeteng,Lesotho,LSO,False,-29.8167,27.25,0.0,0.0,0.0,0.0,0.0,0.0,0.0
Maputsoe,Lesotho,LSO,False,-28.8833,27.9,0.0,0.0,0.0,0.0,0.0,0.0,0.0
Maseru,Lesotho,LSO,False,-29.31,27.48,0.0,0.0,0.0,0.0,0.0,0.0,0.0
Teyateyaneng,Lesotho,LSO,False,-29.15,27.7333,0.0,0.0,0.0,0.0,0.0,0.0,0.0
Lobamba,Eswatini,SWZ,False,-26.4167,31.1667,0.0,0.0,0.0,0.0,0.0,0.0,0.0
Manzini,Eswatini,SWZ,False,-26.4833,31.3667,0.0,0.0,0.0,0.0,0.0,0.0,0.0
Mbabane,Eswatini,SWZ,False,-26.3167,31.1333,0.0,0.0,0.0,0.0,0.0,0.0,0.0
Mhlume,Eswatini,SWZ,False,-26.0333,31.85,0.0,0.0,0.0,0.0,0.0,0.0,0.0
Piggs Peak,Eswatini,SWZ,False,-25.961,31.247,0.0,0.0,0.0,0.0,0.0,0.0,0.0
Siteki,Eswatini,SWZ,False,-26.45,31.95,0.0,0.0,0.0,0.0,0.0,0.0,0.0
Louangphabang,Lao People's Democratic Republic,LAO,False,19.8931,102.1381,0.0,0.0,0.0,0.0,0.0,0.0,0.0
Savannakhet,Lao People's Democratic Republic,LAO,False,16.55,104.75,0.0,0.0,0.0,0.0,0.0,0.0,0.0
Vientiane,Lao People's Democratic Republic,LAO,False,17.9667,102.6,0.0,0.0,0.0,0.0,0.0,0.0,0.0
Xam Nua,Lao People's Democratic Republic,LAO,False,20.4133,104.048,0.0,0.0,0.0,0.0,0.0,0.0,0.0
Majuro,Marshall Islands,MHL,False,7.1167,171.3667,0.0,0.0,0.0,0.0,0.0,0.0,0.0
Male,Maldives,MDV,False,4.175,73.5083,0.0,0.0,0.0,0.0,0.0,0.0,0.0
Manama,Bahrain,BHR,False,26.2167,50.5831,0.0,0.0,0.0,0.0,0.0,0.0,0.0
Mauren,Liechtenstein,LIE,False,47.2197,9.5428,0.0,0.0,0.0,0.0,0.0,0.0,0.0
Schaan,Liechtenstein,LIE,False,47.1667,9.5167,0.0,0.0,0.0,0.0,0.0,0.0,0.0
Vaduz,Liechtenstein,LIE,False,47.1415,9.5215,0.0,0.0,0.0,0.0,0.0,0.0,0.0
Mitsamiouli,Comoros,COM,False,-11.3819,43.3,0.0,0.0,0.0,0.0,0.0,0.0,0.0
Mkazi,Comoros,COM,False,-11.7323,43.2671,0.0,0.0,0.0,0.0,0.0,0.0,0.0
Moroni,Comoros,COM,False,-11.7036,43.2536,0.0,0.0,0.0,0.0,0.0,0.0,0.0
Mutsamudu,Comoros,COM,False,-12.1667,44.4,0.0,0.0,0.0,0.0,0.0,0.0,0.0
Monaco,Monaco,MCO,False,43.7396,7.4069,0.0,0.0,0.0,0.0,0.0,0.0,0.0
Muscat,Oman,OMN,False,23.6139,58.5922,0.0,0.0,0.0,0.0,0.0,0.0,0.0
Narva,Estonia,EST,False,59.3792,28.2006,0.0,0.0,0.0,0.0,0.0,0.0,0.0
Pärnu,Estonia,EST,False,58.3844,24.4989,0.0,0.0,2.0,0.0,0.0,0.0,0.0
Tallinn,Estonia,EST,False,59.4372,24.745,0.0,0.0,0.0,0.0,0.0,0.0,0.0
Tartu,Estonia,EST,False,58.38,26.7225,0.0,0.0,0.0,0.0,0.0,0.0,0.0
Viljandi,Estonia,EST,False,58.3633,25.5956,0.0,0.0,0.0,0.0,0.0,0.0,0.0
Neiafu,Tonga,TON,False,-18.6496,-173.9833,0.0,0.0,0.0,0.0,0.0,0.0,0.0
Osijek,Croatia,HRV,False,45.5603,18.6703,0.0,0.0,0.0,0.0,0.0,0.0,0.0
Rijeka,Croatia,HRV,False,45.3297,14.4322,0.0,0.0,0.0,0.0,0.0,0.0,0.0
Split,Croatia,HRV,False,43.51,16.45,0.0,0.0,0.0,0.0,0.0,0.0,0.0
Velika Gorica,Croatia,HRV,False,45.7,16.0667,0.0,0.0,0.0,0.0,0.0,0.0,0.0
Zadar,Croatia,HRV,False,44.1167,15.2167,0.0,0.0,0.0,0.0,0.0,0.0,0.0
Zagreb,Croatia,HRV,False,45.8,15.95,0.0,0.0,0.0,0.0,0.0,0.0,0.0
Palikir,Micronesia (Federated States of),FSM,False,6.9178,158.185,0.0,0.0,0.0,0.0,0.0,0.0,0.0
Paro,Bhutan,BTN,False,27.4333,89.4167,0.0,0.0,0.0,0.0,0.0,0.0,0.0
Punakha,Bhutan,BTN,False,27.6167,89.8667,0.0,0.0,0.0,0.0,0.0,0.0,0.0
Thimphu,Bhutan,BTN,False,27.4833,89.6333,0.0,0.0,0.0,0.0,0.0,0.0,0.0
Wangdue Phodrang,Bhutan,BTN,False,27.4333,89.9167,0.0,0.0,0.0,0.0,0.0,0.0,0.0
Pyongyang,Democratic People's Republic of Korea,PRK,False,39.03,125.73,0.0,0.0,0.0,0.0,0.0,0.0,0.0
Roseau,Dominica,DMA,False,15.3,-61.3833,0.0,0.0,0.0,0.0,0.0,0.0,0.0
San Francisco,El Salvador,SLV,True,13.7,-88.1,0.0,0.0,2.0,0.0,0.0,0.0,0.0
San Miguel,El Salvador,SLV,False,13.4833,-88.1833,0.0,0.0,0.0,0.0,0.0,0.0,0.0
San Salvador,El Salvador,SLV,False,13.6989,-89.1914,0.0,0.0,0.0,0.0,0.0,0.0,0.0
Santa Ana,El Salvador,SLV,False,13.9833,-89.5333,0.0,0.0,0.0,0.0,0.0,0.0,0.0
Santa Tecla,El Salvador,SLV,False,13.674,-89.29,0.0,0.0,0.0,0.0,0.0,0.0,0.0
Sonsonate,El Salvador,SLV,False,13.72,-89.73,0.0,0.0,0.0,0.0,0.0,0.0,0.0
San Marino,San Marino,SMR,False,43.932,12.4484,0.0,0.0,0.0,0.0,0.0,0.0,0.0
Singapore,Singapore,SGP,False,1.3,103.8,0.0,0.0,0.0,0.0,0.0,0.0,0.0
Tarawa,Kiribati,KIR,False,1.3382,173.0176,0.0,0.0,0.0,0.0,0.0,0.0,0.0
Teaoraereke,Kiribati,KIR,False,1.3333,173.0,0.0,0.0,0.0,0.0,0.0,0.0,0.0
Trindade,Sao Tome and Principe,STP,False,0.3,6.6667,0.0,0.0,0.0,0.0,0.0,0.0,0.0
Victoria,Seychelles,SYC,False,-4.6236,55.4544,0.0,0.0,0.0,0.0,0.0,0.0,0.0
Warsaw,Poland,POL,True,52.2167,21.0333,0.0,0.0,2.0,0.0,0.0,0.0,0.0
Abasan Al-Kabira,Palestine,PSE,False,31.3231,34.344,0.0,2.0,2.0,2.0,0.0,0.0,0.0
